14870,https://zh.moegirl.org/%E5%B7%A5%E4%BD%9C%E7%BB%86%E8%83%9E,花粉症 百度百科,0,0.66613775
9714,http://www.fukupon.com/gourmet/detail/news/?store_id=52&pageid=5&,花粉症 ごぼう茶,0,0.35530415
14727,https://www.lab.toho-u.ac.jp/med/omori/kensa/column/column20150127.html,花粉症 尿の色,0,0.34987473
16483,https://recipe.rakuten.co.jp/recipe/1510016840/,花粉症 じゃばらジャム,1,0.4892646
1147,https://www.nielsen.com/jp/ja/insights/newswire-j/press-release-chart/over-the-counter-allergy-medicines-get-a-slow-start-as-pollen-se.html,花粉症 otc,1,0.4754784
91,https://www.youtube.com/watch?v=UI6aoDMvdpk,花粉症 を英語で,2,0.6424395
9734,http://www.matsutani-ent.com/media,花粉症 声枯れ,2,0.36060375
14198,https://benifuuki.org/diary.cgi?field=9,花粉症 茶葉,3,0.47208428
791,https://mainichi.jp/articles/20180202/k00/00e/040/258000c,花粉症 うざい,4,0.98150945
2979,https://www.juntendo.ac.jp/news/20180201-02.html,花粉症 早期治療,4,0.9593812
6299,http://www.e-doctors-net.com/shizuoka/izu/suzuki/,花粉症 味がしない,4,0.76793194
11712,https://www.taiho.co.jp/medical/brand/bilanoa/clinical/exam01/,花粉症 ビラノア,4,0.74484813
11715,https://www.taiho.co.jp/medical/brand/bilanoa/characteristic/,花粉症 ビラノア,4,0.7447175
8134,https://m-d-l.co.jp/news/new/%E8%8A%B1%E7%B2%89%E7%97%87%E4%BA%88%E9%98%B2researchkit%E3%82%A2%E3%83%97%E3%83%AA%E3%80%8C%E3%82%A2%E3%83%AC%E3%83%AB%E3%82%B5%E3%83%BC%E3%83%81%E3%80%8D%E3%81%8C%E3%80%81itmedia%E3%83%93%E3%82%B8/,花粉症 レベル6,4,0.6864519
1158,https://www.m3.com/open/clinical/news/article/514447/,花粉症 otc,4,0.60407346
115,https://www.intage.co.jp/gallery/hayfever/,花粉症 有効な食べ物,4,0.57711554
16366,https://mainichi.jp/premier/health/articles/20170324/med/00m/010/010000c,花粉症 ぎょう虫,4,0.5529747
2611,https://corp.earth.jp/jp/news/2017/1207-01.html,花粉症 男女比,4,0.49341726
7152,http://www.fukushihoken.metro.tokyo.jp/allergy/info/2017121801.html,花粉症 標準治療,4,0.4927338
10832,https://medical-tribune.co.jp/rensai/2018/0427514070/,花粉症 第一選択薬,4,0.4911399
16281,https://www.j-cast.com/trend/2018/01/30319944.html,花粉症 業務効率,4,0.41085663
4834,http://www.nichigan.or.jp/member/guideline/allergy-2.jsp,花粉症 標準治療,4,0.4046375
4275,http://ronso.co.jp/book/%E8%8A%B1%E7%B2%89%E7%97%87/,花粉症 治したい,4,0.40439448
11343,https://www.swim.or.jp/about/anti_d.php,花粉症 ペアコール,4,0.38167346
16782,http://www.tanpopokodomo-clinic.com/wp/23/24/,花粉症 びゃっこかにんじんとう,4,0.35909504
10802,https://www.nrc.co.jp/report/150420.html,花粉症 男女比,4,0.32915553
15786,https://www.news-medical.net/news/20170522/2997/Japanese.aspx,花粉症 流行マップ,4,0.32690403
13999,http://www.nrc.co.jp/report/180423.html,花粉症 処方薬,4,0.32265204
11816,http://www.mizumachi.jp/backnumber.html,花粉症 ブロック注射,4,0.30673924
10904,https://www.parksideclinic.jp/colum/kahun12_3.html,花粉症 両鼻 づまり,5,0.79061234
14033,https://www.jstage.jst.go.jp/article/arerugi/52/11/52_KJ00000817431/_pdf,花粉症 初期療法,5,0.6118073
1916,https://www.jstage.jst.go.jp/article/jjrhi/49/4/49_4_481/_pdf,花粉症 経済損失,5,0.5381592
10519,https://www.jstage.jst.go.jp/article/arerugi/47/2-3/47_KJ00001609981/_pdf,花粉症 全身症状,5,0.5354506
16777,http://www.ishiguro-jibika.com/medicine/,花粉症 びゃっこかにんじんとう,5,0.50866914
576,https://www.jstage.jst.go.jp/article/orltokyo1958/50/3/50_3_157/_pdf,花粉症 ige,5,0.48925617
4888,https://www.parksideclinic.jp/colum/kahun12_nodo.html,花粉症 喉のかゆみ,5,0.4578769
1229,https://www.parksideclinic.jp/internal/hayfever,花粉症 即効性,5,0.40221938
1186,https://ja.wikipedia.org/wiki/%E5%9B%9E%E8%99%AB,花粉症 お腹痛い,5,0.3990679
6305,https://latte.la/column/30180966,花粉症 耳つぼ,5,0.397299
1179,http://www.riseisha.ac.jp/risei-sinkyu/tsubo/tsubo56.html,花粉症 お灸,5,0.36370575
16669,http://www.uchimoto-gekanaika.com/specialty.html,花粉症 受診勧奨,5,0.3557937
6886,https://www.jstage.jst.go.jp/article/jibi/57/3/57_3_89/_article/-char/ja/,花粉症 問診票,5,0.3287209
8716,https://www.asahigroup-holdings.com/research/entertainment/l92_mng01/,花粉症 nk細胞,6,0.94842106
1058,https://www.hakuhodo.co.jp/archives/newsrelease/46974,花粉症 お風呂,6,0.5710611
12141,https://news.mynavi.jp/article/20150306-a081/,花粉症 勉強できない,6,0.52586114
11819,https://www.nagoya-pain.jp/faq/index.html,花粉症 ブロック注射,6,0.50861263
7247,http://www.hemp.jp/collect/index.php?health_081,花粉症 有効な食べ物,6,0.46793464
1149,https://www.j-cast.com/kaisha/2018/10/08340596.html?p=all,花粉症 otc,6,0.44114473
2336,https://gendai.ismedia.jp/articles/-/41561,花粉症 最新薬,6,0.3654633
23,https://answers.ten-navi.com/pharmanews/8124/,花粉症 治療薬,8,0.45222723
4563,https://newswitch.jp/p/15727,花粉症 塗るマスク,8,0.4182431
11151,http://tanakahouseki.co.jp/glasses.html,花粉症 電車の中,8,0.38220206
4565,http://www.st-c.co.jp/release/2018/20181128_004349.html,花粉症 塗るマスク,8,0.36863202
12028,https://maquia.hpplus.jp/blog/account/ayaka_maquia/makeup/QgQ0dZU,花粉症 ベースメイク,8,0.35421616
14937,http://www.xinhuanet.com/health/2016-08/13/c_1119386550.htm,花粉症 百度,9,0.51692575
6882,http://www.kitaaka-jibika.com/about/monshin,花粉症 問診票,10,0.593084
7641,http://www.suzuki-jibi.jp/,花粉症 ラジオ波治療,10,0.4026137
12986,http://www.sansomstreetgym.com/wp-content/backup/453qBG.html,花粉症 ぺニス,10,0.35455117
6897,http://www.maruyama-ent.net/original5.html,花粉症 問診票,10,0.2187964
2626,https://www.jhf.or.jp/sp/q&adb/10/3624.html,花粉症 ステロイド注射,11,0.8333633
4197,https://news.biglobe.ne.jp/entertainment/0425/nrn_180425_9784425115.html,花粉症 治った,11,0.33107853
14087,https://womenshealth-jp.com/a-wellness-booger-color-181210/,花粉症 茶色い鼻水,11,0.3239302
494,http://www.igakuken.or.jp/project/detail/allergy.html,花粉症 標準治療,12,0.9861971
10411,https://kanade-jibika.jp/cedartolen.html,花粉症 舌禍治療 費用,12,0.98515147
237,https://www.torii-alg.jp/slit/,花粉症 舌禍治療 効果,12,0.9839344
3604,https://www.kogahosp.jp/inspection/zekka.php,花粉症 舌禍治療 効果,12,0.97822225
1554,http://www.keio-dental.com/feature/index7.html,花粉症 昔は無かった,12,0.721778
437,https://www.asahi.com/articles/DA3S13669517.html,花粉症 この時期,12,0.6998131
2358,https://www.youtube.com/watch?v=0L3Ux0BHeYY,花粉症 鼻づまり,12,0.59286255
9598,http://aqua-medical-c.com/hay-fever/,花粉症 減感作,12,0.590076
676,http://tg.tripadvisor.jp/precipitation/,花粉症 雨の日,12,0.57183415
4804,http://www.ohshiro.com/laser/jibi/pollinosis/,花粉症 レーザー治療 痛み,12,0.5179553
2316,https://gunosy.com/articles/RXqs4,花粉症 最新治療,12,0.5061234
8109,http://www.jyounan-jibika.com/laser/,花粉症 レーザー治療 痛み,12,0.49470857
15415,https://www.amazon.co.jp/%E3%82%A2%E3%83%AC%E3%83%AB%E3%82%AE%E3%83%BC%E3%81%AF%E9%8D%BC%E3%81%A7%E6%B2%BB%E3%81%99-%E2%80%95%E3%82%A2%E3%83%88%E3%83%94%E3%83%BC%E3%83%BB%E8%8A%B1%E7%B2%89%E7%97%87%E3%83%BB%E3%81%9C%E3%82%93%E3%81%9D%E3%81%8F%E3%83%BB%E3%83%AA%E3%82%A6%E3%83%9E%E3%83%81%E3%83%BBetc-%E2%80%A6-%E8%97%A4%E6%9C%AC%E8%93%AE%E9%A2%A8/dp/4990067088,花粉症 脈診,12,0.468308
15209,https://www.kyushu-u.ac.jp/ja/researches/view/119,花粉症 標準治療,12,0.4466616
5980,https://drciyaku.jp/mask/,花粉症 レベル6,12,0.36620718
9451,https://ja.wikipedia.org/wiki/%E3%82%A2%E3%83%AC%E3%83%AB%E3%82%B2%E3%83%B3%E5%85%8D%E7%96%AB%E7%99%82%E6%B3%95,花粉症 減感作療法,12,0.30226558
589,https://matome.naver.jp/odai/2136309097459316501,花粉症 お腹痛い,13,0.46725872
89,https://study.7match.biz/english-hay-fever/,花粉症 勉強できない,13,0.3455487
11807,http://www.mscn.net/phpbook/ara/sinryou_atopy_kahun2.php,花粉症 ブロック注射,13,0.333923
6898,https://www.ginzaclinic.com/s-question/,花粉症 問診票,14,0.77041334
2900,http://komachi.yomiuri.co.jp/t/2008/0128/166288.htm,花粉症 洗濯物,14,0.5121801
6310,https://ameblo.jp/nakabayanyuko/,花粉症 耳つぼ,15,0.97822225
12386,https://www.amazon.co.jp/%E4%B8%80%E7%94%9F%E3%83%AA%E3%83%90%E3%82%A6%E3%83%B3%E3%83%89%E3%81%97%E3%81%AA%E3%81%84%E3%83%91%E3%83%AC%E3%82%AA%E3%83%80%E3%82%A4%E3%82%A8%E3%83%83%E3%83%88%E3%81%AE%E6%95%99%E7%A7%91%E6%9B%B8-Yu-Suzuki/product-reviews/4594734081?pageNumber=3,花粉症 パレオな男,15,0.9398041
11123,https://togetter.com/li/1203546,花粉症 でも大丈夫な花,15,0.82640725
4568,https://lee.hpplus.jp/column/1278052/,花粉症 塗るマスク,15,0.7659746
8584,https://ameblo.jp/denenchofukikaku/entry-12357011828.html,花粉症 ヲシテ文字,15,0.7586621
6939,https://kafunq.com/%E3%82%82%E3%81%86%E9%A3%9B%E3%82%93%E3%81%A7%E3%81%84%E3%82%8B%EF%BC%81%E7%A7%8B%E3%81%AE%E3%81%8A%E6%82%A9%E3%81%BF%E3%83%96%E3%82%BF%E3%82%AF%E3%82%B5%E8%8A%B1%E7%B2%89%E7%97%87%E3%81%A8%E3%81%AF/,花粉症 もう飛んでる,15,0.6060923
14129,https://kafunq.com/catechin/,花粉症 茶カテキン,15,0.5234934
16487,https://saga-nouson.jp/blog/3950,花粉症 じゃばらジャム,15,0.49738035
4633,https://oshiete.goo.ne.jp/qa/7996731.html,花粉症 濡れタオル,17,0.7962978
12166,https://item.rakuten.co.jp/weiwei/az002/,花粉症 防塵マスク,17,0.7409969
12170,http://kakaku.com/beauty_health/ss_0018_0021/0003/%96h%90o%83%7D%83X%83N-%96h%90o-%89%D4%95%B2/search_itemlist.aspx?ssi_tag3=200000441&ssi_kw=%89%D4%95%B2,花粉症 防塵マスク,17,0.63711053
16478,https://www.acerola.co.jp/jam/index.html,花粉症 じゃばらジャム,17,0.5320457
11339,https://www.cosme.net/a-beauty/article/I0010925,花粉症 どうにかしたい,17,0.52619016
9715,https://item.rakuten.co.jp/wenbee/c/0000000112/,花粉症 ごぼう茶,17,0.52296513
16368,https://www.kobeymca.org/ys/kobe_port/bulletin/b09-3.doc,花粉症 ぎょう虫,17,0.51000005
11635,https://www.nepia.co.jp/product/homeuse/prod_mask/,花粉症 ビタミンc,17,0.42980817
12103,https://okan-media.jp/2018/01/31/health-hay-fever-measures-goods/,花粉症 業務効率,17,0.39244425
673,https://youpouch.com/2018/03/06/495481/,花粉症 雨の日,17,0.36878344
16285,https://base.terrasky.co.jp/articles/26lIR,花粉症 業務効率,17,0.21427812
3557,http://minamino-ganka.com/hay_fever.html,花粉症 強い薬,18,0.98150945
5781,https://pucchi.net/hokkaido/knowledge/kafun.php,花粉症 もう飛んでる,18,0.9788745
170,http://ddmap.jp/sp/kafun-2018-tokucho/,花粉症 どこの病院,18,0.97839504
4514,https://www.aflac.co.jp/iryo/column/medical/20150326/,花粉症 逆療法,18,0.97370845
784,https://www.kobayashi.co.jp/brand/hananoa/,花粉症 鼻づまり,18,0.9662069
117,https://tenki.jp/suppl/tenkijp_pr/2018/01/16/27751.html,花粉症 治したい,18,0.96301264
5409,http://www.yasuda-clinic.jp/nj/nj003.html,花粉症 減感作療法 注射,18,0.9608
169,http://www.elleair.jp/tissue/pollinosis_in_the_fall/symptoms.php,花粉症 全身症状,18,0.93018967
10897,https://www.chiba-city-med.or.jp/column/030.html,花粉症 づ通,18,0.92135465
11801,https://nishiseikeigeka.co.jp/others/allergy.html,花粉症 ブロック注射,18,0.912293
56,https://takeda-kenko.jp/tokushu/kafunsho/,花粉症 とは,18,0.90358275
9328,http://www.jfohp.or.jp/pickup/?p=1388,花粉症 口の中,18,0.8775171
12031,https://www.news-postseven.com/archives/20140227_243427.html,花粉症 ベースメイク,18,0.86802536
1995,https://ogataganka.com/menu/kafun.html,花粉症 ぼーっとする,18,0.8654481
1142,http://www.jsmi.jp/advicet/s_kafun.html,花粉症 otc,18,0.83774996
14455,https://karadacarenukumori.hamazo.tv/c714448.html,花粉症 腸内環境 嘘,18,0.8301977
12862,http://drugtops.sundrug.co.jp/healthinfo/index3.html,花粉症 ペアコール,18,0.8085641
14922,http://j.people.com.cn/n3/2018/0313/c94475-9436329.html,花粉症 百度,18,0.7705231
38,https://yuki-jibika.jp/pollinosis.html,花粉症 初期療法,18,0.7673434
1171,http://1009showroom.jugem.jp/?eid=10&PHPSESSID=bj5jstofbv68bgvc91e2kkf8v5,花粉症 お灸,18,0.7662162
1917,https://www.hospital.iwata.shizuoka.jp/medicine/005/index.html,花粉症 経済損失,18,0.7444846
5015,https://takeda-kenko.jp/tokushu/daichosa/chosa03.html,花粉症 のどの痛みだけ,18,0.74313486
1338,https://natgeo.nikkeibp.co.jp/atcl/web/15/403964/031800001/,花粉症 倦怠感,18,0.73872626
12512,https://joshinweb.jp/cg/kafun.html,花粉症 パブロン鼻炎カプセル,18,0.73572725
9013,http://www.med.osaka-u.ac.jp/introduction/relay/vol12,花粉症 型アレルギー,18,0.73269844
269,http://www.yuai-cl.com/hayfever.html,花粉症 アレルギー検査,18,0.7168391
12279,https://news.mynavi.jp/article/20170302-a123/,花粉症 ぼーっとする,18,0.71648276
522,https://cancam.jp/archives/54361,花粉症 喉のかゆみ,18,0.71197474
10537,http://www.tsuchiya-hp.jp/hpt/tty/yakuzai_kmado200803.htm,花粉症 全身だるい,18,0.7059489
4866,https://allergyportal.jp/knowledge/hay-fever/,花粉症 口の中,18,0.68506527
2208,https://www.kyoukaikenpo.or.jp/g5/cat510/h25/20140124001,花粉症 全身症状,18,0.6719109
15957,https://www.sendaiphil.jp/musicians/column/list_07/,花粉症 逆療法,18,0.6696238
677,https://cancam.jp/archives/269023,花粉症 逆治療,18,0.6652586
7578,https://www.housquare.co.jp/p34686,花粉症 楽になる方法,18,0.63723296
1572,https://sirabee.com/2018/02/16/20161493799/,花粉症 気持ち悪い,18,0.62579733
13866,https://gooday.nikkei.co.jp/atcl/report/15/071300026/020500034/,花粉症 出現期間,18,0.62505037
8722,https://www.nhk.or.jp/kenko/disease-266/,花粉症 nhkスペシャル,18,0.6244905
9670,https://detail.chiebukuro.yahoo.co.jp/qa/question_detail/q1023840655,花粉症 声枯れる,18,0.62083524
1830,http://www.mori-ganka.dr-clinic.jp/topix1.html,花粉症 倦怠感,18,0.6189211
4191,https://yonasato.com/ec/newstopics/19992/,花粉症 治った,18,0.6090607
6306,https://sirabee.com/2016/03/03/92160/,花粉症 耳つぼ,18,0.6011493
14039,https://medical.nikkeibp.co.jp/leaf/mem/pub/report/201602/545897.html,花粉症 初期療法,18,0.5924472
13530,https://woman.excite.co.jp/article/lifestyle/rid_Myjitsu_045475/,花粉症 急に治る,18,0.58020717
4987,http://www.kafun-now.com/sp/dojo/03-study2.xhtml,花粉症 飲み薬,18,0.5737879
14497,http://ori-ze.lolipop.jp/%EF%BC%92%EF%BC%90%EF%BC%91%EF%BC%98%E5%B9%B4-%E8%8A%B1%E7%B2%89%E7%97%87%E3%82%B7%E3%83%BC%E3%82%BA%E3%83%B3%E5%88%B0%E6%9D%A5%EF%BC%81/,花粉症 腸内環境 改善,18,0.56994975
5254,https://www.aux-ltd.co.jp/newsrelease/20170127689.html,花粉症 有効な食べ物,18,0.54824954
10086,https://woman.mynavi.jp/kosodate/articles/2753,花粉症 授乳中,18,0.5470682
33,https://www.cocokarafine.co.jp/onayami/season/dsl_37.html,花粉症 ペラック,18,0.5458166
16656,https://www.jmdc.co.jp/health/mlmg/2011/,花粉症 受診勧奨,18,0.5448367
5872,https://rocketnews24.com/2015/02/20/548320/,花粉症 腸内環境 嘘,18,0.54136074
10099,https://women.benesse.ne.jp/healthcare/pc/static/calendar/calendar03_02.html,花粉症 授乳中,18,0.53906256
12861,https://another.rocomotion.jp/12683797373526.html,花粉症 ペアコール,18,0.5199972
174,http://www.gekka-ganka.com/qa/kahun.html,花粉症 レーザー手術,18,0.50102884
13875,https://www.tsukada-naika-clinic.com/cont6/32.html,花粉症 出現期間,18,0.49884892
14089,https://detail.chiebukuro.yahoo.co.jp/qa/question_detail/q1045681270,花粉症 茶色い鼻水,18,0.49756485
15202,http://shinshomap.info/book/400700014X.html,花粉症 標準治療,18,0.49426877
504,http://www.sue.jp/m-ent/kafun/inekafun.htm,花粉症 イネ科,18,0.49300906
4196,http://www.kagoshima.med.or.jp/top/talk/H16/talk44.htm,花粉症 治った,18,0.48693782
2880,https://tuzuru.net/post-887/,花粉症 咳のみ,18,0.4831838
196,https://www.kracie.co.jp/kampo/kampofullife/body/?p=1002,花粉症 喉のかゆみ,18,0.46702948
8738,https://www.j-cast.com/trend/2017/02/20291015.html?p=all,花粉症 nhkスペシャル,18,0.46262813
6139,https://www.biteki.com/life-style/wellness/251380,花粉症 ベースメイク,18,0.4471275
16485,https://ameblo.jp/noriten12/entry-12359040136.html,花粉症 じゃばらジャム,18,0.43895322
1165,http://sennenq-osaka.jugem.jp/?eid=71,花粉症 お灸,18,0.42922458
11335,https://tokyo.cawaii.media/mina/47539,花粉症 どうにかしたい,18,0.41168693
11714,https://www.mag2.com/p/news/243511,花粉症 ビラノア,18,0.41136676
514,http://www.ueharaoto.com/hitokuchi-kafun.html,花粉症 強い薬,18,0.40956682
4088,https://prestige.smt.docomo.ne.jp/article/57852,花粉症 治したい,18,0.40736243
4953,https://www.parksideclinic.jp/colum/kahun_kosa_pm25.html,花粉症 のどの痛みだけ,18,0.3009749
11677,http://www.twmu.ac.jp/IOR/index/center-letter/694-20144.html,花粉症 逆治療,18,0.2718323
866,https://eikaiwa.dmm.com/uknow/questions/36111/,花粉症 ペアコール,19,0.5982013
14444,https://wired.jp/2017/04/01/aprilfool-2017/,花粉症 腸内環境 嘘,19,0.5734488
3455,https://danzen-sunshine.com/seri/artistserieslifriends35,花粉症 腸内環境,19,0.46057126
14108,https://www.asahi.com/articles/SDI201711107067.html,花粉症 着床,19,0.37100077
15968,http://www.m.chiba-u.ac.jp/class/mucosa/message.html,花粉症 逆療法,19,0.3375433
16361,http://karapaia.com/archives/52200774.html,花粉症 ぎょう虫,19,0.30352432
14456,https://ja.wikipedia.org/wiki/%E8%97%A4%E7%94%B0%E7%B4%98%E4%B8%80%E9%83%8E,花粉症 腸内環境 嘘,19,0.29713985
16358,https://kosodatemedia.com/archives/1333,花粉症 ぎょう虫,19,0.26325133
3671,https://macaro-ni.jp/69124?page=2,花粉症 辛いもの,20,0.8333506
9712,https://ameblo.jp/totonoelle/entry-12409405245.html,花粉症 ごぼう茶,20,0.81211257
12174,https://www.linustock.com/vectors/medical/sickness/mhf00005,花粉症 防塵マスク,20,0.5480455
9707,https://rika0121.exblog.jp/23629555/,花粉症 ごぼう茶,20,0.5290018
6316,http://veryberrysoup-kinjuen.com/mimitubo/,花粉症 耳つぼ,20,0.52763736
4640,https://kaigo.news-postseven.com/6640,花粉症 nk細胞,20,0.47230405
12999,https://item.rakuten.co.jp/esco-corp/j4971756010574-2s/,花粉症 ぺニス,20,0.4649476
1173,http://remede-douce.com/school/oneday,花粉症 お灸,20,0.3553717
678,https://www.amazon.co.jp/%E8%87%AA%E5%BE%8B%E7%A5%9E%E7%B5%8C%E5%A4%B1%E8%AA%BF%E7%97%87%E8%AA%AD%E6%9C%AC-%E8%87%AA%E5%BE%8B%E7%A5%9E%E7%B5%8C%E3%81%AE%E7%95%B0%E5%B8%B8%E8%88%88%E5%A5%AE%E3%82%92%E6%8A%91%E5%88%B6%E3%81%99%E3%82%8B%E6%9C%AC-%EF%BC%8D%E9%9B%A8%E3%81%AE%E6%97%A5%E3%81%AA%E3%81%AE%E3%81%AB%E8%8A%B1%E7%B2%89%E7%97%87%E3%81%8C%E3%81%B2%E3%81%A9%E3%81%8F%E3%81%AA%E3%82%8B%E3%81%AE%E3%81%AF%E3%81%AA%E3%81%9C%EF%BC%9F-%E5%A4%A7%E9%96%80%E7%9B%B4%E4%BA%BA-ebook/dp/B01CVQNIYA,花粉症 雨の日,21,0.99946713
16760,https://www.amazon.co.jp/%E3%82%88%E3%81%8F%E3%82%8F%E3%81%8B%E3%82%8B%E6%9C%80%E6%96%B0%E7%99%82%E6%B3%95-%E7%97%85%E6%B0%97%E3%81%8C%E6%B2%BB%E3%82%8B%E9%BC%BB%E3%81%86%E3%81%8C%E3%81%84%E5%81%A5%E5%BA%B7%E6%B3%95-%E4%BD%93%E3%81%AE%E4%B8%8D%E8%AA%BF%E3%81%AF%E6%85%A2%E6%80%A7%E4%B8%8A%E5%92%BD%E9%A0%AD%E7%82%8E%E3%81%8C%E3%81%A4%E3%81%8F%E3%82%8B-%E8%A7%92%E5%B7%9D%E3%83%9E%E3%82%AC%E3%82%B8%E3%83%B3%E3%82%BA-%E5%A0%80%E7%94%B0-%E4%BF%AE-ebook/dp/B00E5V5RY4,花粉症 上咽頭炎,21,0.99366206
4168,https://www.amazon.co.jp/%E3%81%82%E3%81%AA%E3%81%9F%E3%81%AE%E7%9F%A5%E3%82%89%E3%81%AA%E3%81%84-%E8%8A%B1%E7%B2%89%E7%97%87%E3%81%AE%E6%B2%BB%E3%81%97%E6%96%B9-%E5%A4%A7%E4%B9%85%E4%BF%9D-%E5%85%AC%E8%A3%95/dp/4766001648,花粉症 治し方,21,0.9647326
15782,https://itunes.apple.com/jp/app/%E3%81%BF%E3%82%93%E3%81%AA%E3%81%AE%E8%8A%B1%E7%B2%89%E7%97%87%E5%A0%B1%E5%91%8A/id1440462453?mt=8,花粉症 流行マップ,21,0.87747294
12390,http://watanabi.hatenablog.com/entry/2018/06/07/001047,花粉症 パレオな男,21,0.53084344
12385,http://www.icchare.com/entry/2018/06/24/103250,花粉症 パレオな男,21,0.5127082
14927,https://wenku.baidu.com/view/63d0c131856a561253d36fca,花粉症 百度,22,0.9388594
1164,https://kotomise.jp/blog/52992/,花粉症 お灸,22,0.47732556
4583,https://www.amazon.co.jp/%E3%81%AE%E3%81%A9%E3%81%AC%E3%83%BC%E3%82%8B%E3%81%AC%E3%82%8C%E3%83%9E%E3%82%B9%E3%82%AF-%E3%80%90%E3%83%AA%E3%83%8B%E3%83%A5%E3%83%BC%E3%82%A2%E3%83%AB%E3%80%91-%E3%81%AE%E3%81%A9%E3%81%AC%E3%83%BC%E3%82%8B-%E3%81%AC%E3%82%8C%E3%83%9E%E3%82%B9%E3%82%AF-%EF%BC%91%EF%BC%90%E6%99%82%E9%96%93%E6%8C%81%E7%B6%9A%E5%8A%A0%E6%B9%BF%E2%98%85%E5%B0%B1%E5%AF%9D%E7%94%A8-3%E6%9E%9A%E5%85%A5%E3%82%8A-%EF%BC%93%E7%AE%B1%E3%82%BB%E3%83%83%E3%83%88-%E7%84%A1%E9%A6%99%E6%96%99/dp/B00EV3KHIM,花粉症 濡れマスク,23,0.98366666
14191,https://www.amazon.co.jp/OS%E5%B7%A5%E6%A5%AD-S11101-%E3%82%B7%E3%82%B8%E3%83%A5%E3%82%A6%E3%83%A0%E8%8C%B6-50g/dp/B000FQQ6IE,花粉症 茶葉,23,0.98366666
14195,https://www.amazon.co.jp/OSK-%E3%82%AA%E3%83%BC%E3%82%A8%E3%82%B9%E3%82%B1%E3%83%BC-63801-%E6%9D%89%E3%81%AE%E8%91%89%E8%8C%B6-3-5g%C3%9732P/dp/B0047RSN92,花粉症 茶葉,23,0.98366666
781,https://twitter.com/hashtag/%E8%8A%B1%E7%B2%89%E7%97%87%E3%81%82%E3%82%8B%E3%81%82%E3%82%8B,花粉症 うざい,23,0.9533334
4198,https://twitter.com/hashtag/%E8%8A%B1%E7%B2%89%E7%97%87%E6%B2%BB%E3%81%A3%E3%81%9F,花粉症 治った,23,0.9533334
9716,https://twitter.com/hashtag/%E3%81%82%E3%81%98%E3%81%8B%E3%82%93%E3%81%94%E3%81%BC%E3%81%86%E8%8C%B6,花粉症 ごぼう茶,23,0.9533334
11159,https://twitter.com/hashtag/%E5%BB%BA%E7%89%A9%E3%82%82%E9%9B%BB%E8%BB%8A%E3%81%AE%E4%B8%AD%E3%82%82%E5%AF%92%E3%81%99%E3%81%8E?src=hash,花粉症 電車の中,23,0.9533334
11707,https://twitter.com/hashtag/%E3%83%93%E3%83%A9%E3%83%8E%E3%82%A2,花粉症 ビラノア,23,0.9533334
12901,https://twitter.com/hashtag/%E3%83%9A%E3%83%A9%E3%83%83%E3%82%AFt%E9%8C%A0,花粉症 ペラック,23,0.9533334
12991,https://twitter.com/hashtag/%E6%AD%A2%E3%81%BE%E3%82%89%E3%81%AA%E3%81%84%E9%BC%BB%E6%B0%B4,花粉症 ぺニス,23,0.9533334
16486,https://twitter.com/hashtag/%E3%81%98%E3%82%83%E3%81%B0%E3%82%89%E3%82%B8%E3%83%A3%E3%83%A0,花粉症 じゃばらジャム,23,0.9533334
14652,https://www.amazon.co.jp/%E3%83%81%E3%83%A3%E3%83%BC%E3%83%A0%E3%83%8A%E3%83%83%E3%83%97-%E5%90%B8%E6%B0%B4%E3%81%95%E3%82%89%E3%83%95%E3%82%A3-%E9%95%B7%E6%99%82%E9%96%93%E5%AE%89%E5%BF%83%E7%94%A8-%E5%A4%9C%E7%94%A8%E3%83%8A%E3%83%97%E3%82%AD%E3%83%B3%E3%82%B5%E3%82%A4%E3%82%BA-29cm%E3%80%90%E8%BB%BD%E3%81%84%E5%B0%BF%E3%82%82%E3%82%8C%E3%81%AE%E6%96%B9%E3%80%91/dp/B003J36040,花粉症 尿漏れ,23,0.9194192
2914,https://www.amazon.co.jp/%E3%82%A2%E3%82%A4%E3%82%AF%E3%82%A9%E3%83%BC%E3%82%AF-ISK-M2100B-%E6%B4%97%E6%BF%AF%E7%89%A9%E5%B9%B2%E7%94%A8%E3%82%AB%E3%83%90%E3%83%BC%E3%82%B7%E3%83%BC%E3%83%88-%E3%83%9E%E3%82%B8%E3%82%AB%E3%83%AB%E3%82%AB%E3%83%90%E3%83%BC/dp/B002LV1FQ4,花粉症 洗濯物,23,0.85619336
6308,https://store.shopping.yahoo.co.jp/bonitabonito/amsset02.html,花粉症 耳つぼ,23,0.6516713
12902,https://www.amazon.co.jp/%E3%83%9A%E3%83%A9%E3%83%83%E3%82%AF-%E3%80%90%E6%8C%87%E5%AE%9A%E7%AC%AC2%E9%A1%9E%E5%8C%BB%E8%96%AC%E5%93%81%E3%80%91%E3%83%9A%E3%83%A9%E3%83%83%E3%82%AF%E3%82%B9%E3%82%A4%E3%83%BC%E3%83%88%E3%83%91%E3%82%A4%E3%83%B3S-24%E7%B2%92/dp/B00B0S7FTU,花粉症 ペラック,23,0.58590543
1169,http://web.thn.jp/nakamurasekkotu/kahunnsyou2.htm,花粉症 お灸,23,0.51000005
2756,https://www.youtube.com/watch?v=lK7g0CgJAFA,花粉症 顔がかゆい,23,0.44733354
15788,https://www.pref.ehime.jp/h25115/kanjyo/,花粉症 流行マップ,23,0.30095506
12383,https://yuchrszk.blogspot.com/2017/08/blog-post_46.html,花粉症 パレオな男,23,0.28576186
8731,https://lohaco.jp/product/L01784210/,花粉症 nhkスペシャル,24,0.9662069
2313,http://www.metro.tokyo.jp/tosei/hodohappyo/press/2017/10/12/18.html,花粉症 最新治療,24,0.7290105
16371,https://www.amazon.co.jp/%E5%AF%84%E7%94%9F%E8%99%AB%E3%81%AE%E3%81%B2%E3%81%BF%E3%81%A4-%E3%82%B5%E3%82%A4%E3%82%A8%E3%83%B3%E3%82%B9%E3%83%BB%E3%82%A2%E3%82%A4%E6%96%B0%E6%9B%B8-%E8%97%A4%E7%94%B0-%E7%B4%98%E4%B8%80%E9%83%8E-ebook/dp/B00B4KAARS,花粉症 ぎょう虫,24,0.5769282
12915,https://store.shopping.yahoo.co.jp/gionsakura/orakyua.html,花粉症 ペラック,24,0.4155326
5534,https://www.nagasaki-clinic.com/alle/,花粉症 ペアコール,25,0.4900824
1734,https://ja.wikipedia.org/wiki/%E9%A0%B8%E8%82%A9%E8%85%95%E7%97%87%E5%80%99%E7%BE%A4,花粉症 首の痛み,25,0.4061198
8714,http://www.dent.tohoku.ac.jp/field/immunology/01/index.html,花粉症 nk細胞,26,0.4768461
14454,https://blogs.yahoo.co.jp/saruzigoku/28597707.html,花粉症 腸内環境 嘘,26,0.41948417
15923,https://www.peppynet.com/library/archive/detail/246,花粉症 力が入らない,26,0.39713424
10829,https://www.bunkodo.co.jp/magazine/F3LCFSJRO1.html,花粉症 第一選択薬,26,0.27547514
483,https://www.natureasia.com/ja-jp/ng/pr-highlights/12247,花粉症 遺伝する,26,0.2668371
6338,http://www.keiju.co.jp/sinryo/gibika.html,花粉症 耳だれ,26,0.24450395
11324,https://www.hotpepper.jp/strJ001159794/timeline/,花粉症 どうにかしたい,26,0.224664
7648,http://entkasai.la.coocan.jp/,花粉症 ラジオ波治療,26,0.2175725
1166,https://www.haribeauty-kanazawa.com/2018/03/14/%E8%8A%B1%E7%B2%89%E7%97%87%E5%AF%BE%E7%AD%96%E3%81%AB%E3%81%8A%E7%81%B8/,花粉症 お灸,27,0.7078984
8862,https://www.jstage.jst.go.jp/article/joma/127/1/127_55/_pdf,花粉症 型アレルギー,27,0.56617135
15428,http://www.hamaya-shinkyu.jp/category/1553703.html,花粉症 脈診,27,0.2864042
14810,https://www.ishinavi.jp/clinic_page/01678.html,花粉症 尿潜血,28,0.9573913
14815,https://www.ishinavi.jp/clinic_page/00051.html,花粉症 尿潜血,28,0.9573913
14928,https://tiku.baidu.com/tikupc/homepage/e22c2af90242a8956bece404,花粉症 百度,28,0.7592328
14867,https://zh.wikipedia.org/wiki/%E6%B0%AF%E8%8B%AF%E9%82%A3%E6%95%8F,花粉症 百度百科,28,0.7346011
14926,https://zhidao.baidu.com/question/1759808936418766388.html?&mzl=qb_xg_7&word=,花粉症 百度,28,0.64990574
15999,https://www.jstage.jst.go.jp/article/yakushi/137/1/137_16-00232/_pdf,花粉症 逆治療,29,0.9902
16363,https://www.jstage.jst.go.jp/article/jibirin1925/100/7/100_7_594/_pdf,花粉症 ぎょう虫,29,0.9855882
8711,https://www.jstage.jst.go.jp/article/jspaci/22/2/22_2_217/_pdf,花粉症 nk細胞,29,0.9673679
5414,https://www.jstage.jst.go.jp/article/stomatopharyngology/22/1/22_1_35/_pdf,花粉症 皮下注射,29,0.9668115
14035,https://www.jstage.jst.go.jp/article/jibi1954/50/3/50_230/_pdf,花粉症 初期療法,29,0.95609933
13878,https://www.jstage.jst.go.jp/article/orltokyo1958/23/Supplement3/23_Supplement3_186/_pdf,花粉症 出現期間,29,0.94751126
9671,https://www.jstage.jst.go.jp/article/jibiinkoka/114/2/114_2_78/_pdf,花粉症 声枯れる,29,0.9114017
16784,https://www.jstage.jst.go.jp/article/jibirin1925/99/11/99_11_978/_pdf,花粉症 びゃっこかにんじんとう,29,0.9082564
5314,https://www.jstage.jst.go.jp/article/arerugi/65/8/65_982/_pdf,花粉症 第一選択薬,29,0.7067568
14459,https://www.hontaka.jp/hiroba/?cat=326,花粉症 腸内環境 嘘,29,0.61309856
16480,https://store.shopping.yahoo.co.jp/kobe-mikashie/4969808107679.html,花粉症 じゃばらジャム,29,0.59394217
578,https://www.jstage.jst.go.jp/article/orltokyo1958/42/4/42_4_391/_pdf,花粉症 ige,29,0.5191148
8221,https://www.jstage.jst.go.jp/article/arerugi/65/1/65_57/_pdf,花粉症 初期療法,29,0.49193987
1834,https://www.jstage.jst.go.jp/article/jibi1954/42/3/42_282/_pdf,花粉症 倦怠感,29,0.46523246
4590,http://web.erc.pref.fukui.jp/center/kafunsystem/yobouhou,花粉症 濡れマスク,30,0.9966438
792,https://townwork.net/magazine/life/57548/,花粉症 わからない,30,0.9964363
14722,https://woman.mynavi.jp/article/161214-8/,花粉症 尿の色,30,0.98680276
4599,https://ameblo.jp/mijomijomijo/entry-12363507333.html,花粉症 濡れマスク,30,0.9727878
6575,https://togetter.com/li/1206707,花粉症 昔は無かった,30,0.9662069
5791,http://sciencebook.blog110.fc2.com/blog-entry-1840.html,花粉症 バラ科アレルギー,30,0.9657876
670,https://kafunq.com/kafun-rain/,花粉症 雨の日,30,0.9573913
10093,https://onayamifree.com/viewthread/1270135/,花粉症 授乳中,30,0.95197535
10458,http://tsukijijibika.com/,花粉症 舌禍治療 いつから,30,0.941688
12026,https://www.youtube.com/watch?v=Wb-r1T3204U,花粉症 ベースメイク,30,0.87752336
14487,https://ameblo.jp/ayumihifukabiyou/entry-12414583440.html,花粉症 腸内環境 改善,30,0.8738002
4127,https://www.hanshink-kodomoqq.jp/?page_id=1197,花粉症 何科,30,0.86
11303,https://lee.hpplus.jp/kurashinohint/739638/,花粉症 ぼーっとする,30,0.8160797
8585,https://kaomoji.tokyo/2016/04/04/%E6%98%A5%E3%81%A7%E3%81%99/,花粉症 ヲシテ文字,30,0.7742751
8737,https://www.mams-mart.com/feature/%E3%81%9C%E3%82%93%E3%81%9D%E3%81%8F%E3%83%BB%E8%8A%B1%E7%B2%89%E7%97%87%E3%81%AB%E3%83%8B%E3%82%B3%E3%83%8B%E3%82%B3%E3%81%97%E3%81%AA%E3%81%8C%E3%82%89%E5%8B%9D%E3%81%A4%EF%BC%81%EF%BC%92%E6%AD%B3/,花粉症 nhkスペシャル,30,0.71850693
772,https://life-and-mind.com/pollen-allergy-1778,花粉症 レベル6,30,0.62151057
13824,https://yonta64.hatenablog.com/entry/asaichi/2018-1205-food_allergy,花粉症 手荒れ,30,0.5632998
2893,http://komachi.yomiuri.co.jp/t/2005/0301/032783.htm,花粉症 咳のみ,31,0.59397835
939,https://www.excite.co.jp/news/article/E1453713331635/,花粉症 日本だけ,31,0.5557192
6572,http://210.136.153.187/mailmagazine/no35.html,花粉症 昔は無かった,31,0.5473762
4326,http://news.livedoor.com/article/detail/11120739/,花粉症 日本だけ,31,0.49865332
11157,http://www.tjf.or.jp/tokimeki/tiu/mask/2017/09/12/158/,花粉症 電車の中,31,0.49421516
14936,http://www.risktaisaku.com/search?keyword=%E7%99%BE%E5%BA%A6,花粉症 百度,31,0.3854039
5995,http://www.kochis.johas.go.jp/infomation/consultation_window/consultation_window200906.html,花粉症 防塵マスク,31,0.37852675
12904,http://drugstore.hatenablog.com/entry/2016/01/11/233000,花粉症 ペラック,31,0.3357619
14864,https://ja.wikipedia.org/wiki/%E3%83%97%E3%83%BC%E3%82%A2%E3%83%AB%E8%8C%B6,花粉症 百度百科,31,0.32646278
8597,http://nezu621.blog7.fc2.com/blog-entry-802.html,花粉症 ヲシテ文字,31,0.27690843
7259,http://www.sbi-alapromo.co.jp/20140326/,花粉症 有効な食べ物,32,0.5562691
15780,https://www.hazardlab.jp/know/topics/detail/2/3/23962.html,花粉症 流行マップ,32,0.45908985
5074,https://www.rohto.co.jp/news/release/2017/0118_01/,花粉症 喉のかゆみ,32,0.45006442
11147,https://tenki.jp/suppl/kana/2017/12/28/27748.html,花粉症 電車の中,32,0.43571442
1188,https://shizuka-na-kazushi.style/2018/10/18/%E8%8A%B1%E7%B2%89%E7%97%87%E3%81%AE%EF%BC%9F%E3%81%8A%E8%85%B9%E3%81%8C%E3%82%B4%E3%83%AD%E3%82%B4%E3%83%AD%E3%81%99%E3%82%8B%E7%A7%8B%E3%81%AE%E8%8A%B1%E7%B2%89%E7%97%87/,花粉症 お腹痛い,32,0.419995
9365,https://www.nicho.co.jp/corporate/info/12152/,花粉症 口の渇き,32,0.397045
2973,https://www.nicho.co.jp/corporate/info/13426/,花粉症 早期治療,32,0.3808352
16775,https://www.kouwakai-nakamura.jp/2018/,花粉症 びゃっこかにんじんとう,32,0.33022413
7613,http://www.hcfukuoka.com/goods/fiton/,花粉症 楽にする方法,32,0.3283089
4584,https://www.kobayashi.co.jp/brand/nn_m/,花粉症 濡れマスク,32,0.32690778
12273,https://www.myvoice.co.jp/biz/surveys/22314/index.html,花粉症 ぼーっとする,32,0.2846028
3127,http://www.dims.ne.jp/timelyresearch/2014/140527/,花粉症 即効性 市販薬,32,0.23819526
1724,https://kanade-jibika.jp/con_04.html,花粉症 首の痛み,33,0.9733385
231,https://www.saiseikai.or.jp/medical/column/immunotherapy/,花粉症 舌禍治療,33,0.8894815
212,https://prtimes.jp/main/html/rd/p/000000012.000027249.html,花粉症 イネ科,33,0.75528586
13835,https://twitter.com/hand246mama/status/1070095392442769409,花粉症 手荒れ,33,0.6705874
9009,http://www.sano-clinic.jp/original7.html,花粉症 型アレルギー,33,0.646481
9010,http://www.kenq.net/dic/172.html,花粉症 型アレルギー,33,0.57538986
573,http://www.crc-group.co.jp/crc/q_and_a/59.html,花粉症 レベル6,33,0.53944516
16362,http://www.kanazawa-hosp.jp/service/n_ketsueki/n_ketsueki06_4.htm,花粉症 ぎょう虫,33,0.5276711
8727,https://www.mag2.com/p/news/12729,花粉症 nhkスペシャル,33,0.4877881
3613,https://weathernews.jp/s/topics/201810/050175/,花粉症 舌禍治療 効果,33,0.4627751
8705,http://www.pf.chiba-u.ac.jp/medemiru/me13.html,花粉症 nk細胞,33,0.41830388
13833,https://tvtopic.goo.ne.jp/kansai/program/nhk/25301/771099/,花粉症 手荒れ,33,0.33952865
1606,https://mainichi.jp/articles/20170215/ddm/016/040/002000c,花粉症 バラ科アレルギー,33,0.28454128
8713,https://www.linguee.com/japanese-english/translation/%E8%8A%B1%E7%B2%89%E7%97%87.html,花粉症 nk細胞,34,0.739612
14939,http://www.ecologica.cn/stxb/ch/reader/view_abstract.aspx?file_no=stxb201204100502,花粉症 百度,34,0.7251578
15196,https://upload.umin.ac.jp/cgi-open-bin/ctr/ctr.cgi?function=brows&action=brows&type=summary&recptno=R000015648&language=J,花粉症 標準治療,34,0.7206386
1190,http://www.thaismile.jp/ThaiLanguage/taicho/taicho.html,花粉症 お腹痛い,34,0.6187043
12394,http://ddsp.sblo.jp/archives/201705-1.html,花粉症 パレオな男,34,0.509229
11279,https://www.clinic-yokoyama.jp/treatment/,花粉症 どこの病院,35,0.9293324
5662,https://otokids-clinic.com/otolaryngology,花粉症 ぼーっとする,35,0.80424625
12153,https://www.shinkeikin.com/syourei/kahun.html,花粉症 勉強できない,35,0.7729598
2131,http://takahashi-ent.jp/cases_commentary/index2/,花粉症 熱出る,35,0.7602736
9313,https://shinonome-cl.jp/medical/,花粉症 具合悪い,35,0.75479007
16662,https://clinics.medley.life/clinics/5a86ae6948734f57df5e4413,花粉症 受診勧奨,35,0.7163487
14731,https://www.ach.or.jp/about/dept/general/pediatrics/specialty.html,花粉症 尿の色,35,0.66978204
4138,https://phio.panasonic.co.jp/kinen/what_cd/index.htm,花粉症 何科,35,0.6615019
1727,http://www.nms.ac.jp/hosp/section/otolaryngology/info/attention.html,花粉症 辛いもの,35,0.6349127
12989,https://oshiete.goo.ne.jp/qa/8709331.html,花粉症 ぺニス,35,0.5621722
14728,https://gendai.ismedia.jp/articles/-/42507?page=2,花粉症 尿の色,35,0.4998442
6486,http://www.ent-takakita.com/about_cl/index.html,花粉症 ラジオ波治療,35,0.47470486
5673,https://itoclinic.com/oto/disease_neck/,花粉症 声枯れる,35,0.47004348
11818,http://www.takaoka-saiseikai.jp/?tid=100053,花粉症 ブロック注射,35,0.44218618
16658,http://www.dm-net.co.jp/honne/011/staff/001.php,花粉症 受診勧奨,35,0.418043
14646,https://www.healthcare.omron.co.jp/resource/column/topics/113.html,花粉症 尿漏れ,35,0.4071035
12990,https://townpage.goo.ne.jp/shopdetail.php?matomeid=143031753146931270,花粉症 ぺニス,35,0.3983575
16780,http://www.jps-pharm.com/product/kampo/search-by-symptom.html,花粉症 びゃっこかにんじんとう,35,0.38802332
11817,http://sancha-pain.com/pain.html,花粉症 ブロック注射,35,0.35348913
16761,http://yuge-ent-clinic.com/?page_id=3344,花粉症 上咽頭炎,35,0.26456878
794,http://komachi.yomiuri.co.jp/t/2013/1210/632948.htm,花粉症 気持ち悪い,36,0.90574723
4594,https://josei-bigaku.jp/masukubiyou32621/,花粉症 濡れマスク,36,0.73070014
992,https://www.furomuda.com/entry/20090406/p1,花粉症 お風呂,36,0.69817215
1912,https://www.excite.co.jp/news/article/TokyoFm_78J1fU9E17/,花粉症 経済損失,36,0.65132385
1154,https://seniorguide.jp/article/1125088.html,花粉症 otc,36,0.6257279
12025,https://www.cchan.tv/mag/717cb99e2ece49dfafeb6b9dfc0a4b51/,花粉症 ベースメイク,36,0.61587876
2308,https://toyokeizai.net/articles/-/159069,花粉症 最新治療,36,0.6051044
14192,http://www.faramoon.com/2592.html,花粉症 茶葉,36,0.46518868
732,https://www.hchs.ed.jp/campus/hamamatsu/2017.php,花粉症 雨の日 ひどい,36,0.459692
3577,https://news.yahoo.co.jp/byline/morisayaka/20160219-00054557/,花粉症 何月,36,0.4574129
13831,https://tvtopic.goo.ne.jp/program/nhk/22702/1219120/,花粉症 手荒れ,36,0.42707425
12387,https://matome.naver.jp/odai/2143564646379897401,花粉症 パレオな男,36,0.3626564
4333,https://www.tempastation.com/entry/movie_blackpanther,花粉症 日本だけ,36,0.3552327
4189,https://radichubu.jp/radioboy/contents/id=17256,花粉症 治った,36,0.35064068
12029,https://scomimi01.com/category/makeup/tpo/hay-fever-makeup,花粉症 ベースメイク,36,0.33170095
14925,https://blog.goo.ne.jp/yakuso-t/e/8fb2c2c37f706400e9751a01f457c63f,花粉症 百度,36,0.2699023
8553,https://www.youtube.com/watch?v=iw22BvjmO-s,花粉症 を治す方法,38,0.32864222
8577,https://www.youtube.com/watch?v=SRfqwZyvBUM,花粉症 を英語で,38,0.25367233
4954,https://cookpad.com/recipe/5014943,花粉症 喉が痛い,39,0.89817196
3136,https://www.toledofiremuseum.com/xyzal/,花粉症 即効性 市販薬,39,0.7177052
10087,https://n-klc.jp/internal/pollinosis.html,花粉症 授乳中,39,0.6210988
14650,https://jp.moony.com/ja/tips/taiken46-02.html,花粉症 尿漏れ,39,0.6147639
6569,http://www.rchokkaido-cn.ac.jp/ecochil/menu11.htm,花粉症 昔は無かった,39,0.54802823
12910,https://item.rakuten.co.jp/gionsakura/orakyua/,花粉症 ペラック,39,0.51087487
485,https://gendai.ismedia.jp/articles/-/35674,花粉症 遺伝する,39,0.47125456
10080,http://komachi.yomiuri.co.jp/t/2012/0304/488504.htm,花粉症 授乳中,39,0.43427145
1665,https://www.toledofiremuseum.com/hay-fever-medicine-recommended/,花粉症 強い薬,39,0.41599178
9661,https://www.iwano-jibika.or.jp/hoarse_voice/,花粉症 声枯れ,39,0.38986093
15423,http://www.v-shinpo.com/columns/dr-sugiharas/4903-dr-sugihara-19,花粉症 脈診,39,0.3649659
9732,https://www.suw.ac.jp/news/teacher/medical/10189.html,花粉症 声枯れ,39,0.34256783
3349,https://www.healthcare.omron.co.jp/resource/column/topics/69.html,花粉症 治療薬,39,0.28991166
16789,https://www.premama.jp/p/pregnancy/body/pt0300.html,花粉症 びゃっこかにんじんとう,39,0.2871478
10091,https://nagoyahigashi.com/faq7.html,花粉症 授乳中,41,0.972
739,https://josei-bigaku.jp/kisetsukawarime9817/,花粉症 雨の日 ひどい,41,0.9325638
2176,http://www.noukanodaidokoro.com/agri_food/2248/,花粉症 楽になる方法,41,0.91071653
10524,https://www.sawai.co.jp/kenko-suishinka/tsubo/201210.html,花粉症 全身だるい,41,0.8990458
8137,https://detail.chiebukuro.yahoo.co.jp/qa/question_detail/q14169930984,花粉症 レベル6,41,0.8844413
13559,https://www.hotyoga-caldo.com/column/pollen.php,花粉症 許容量,41,0.8453381
9366,https://style.nikkei.com/article/DGXKZO86464450X00C15A5W13001,花粉症 口の渇き,41,0.8355561
4340,https://www.biteki.com/skin-care/trouble/260613,花粉症 顔がかゆい,41,0.82536376
10779,https://epark.jp/epark-report/kusuri/sluggish-these-days-fall-fatigue/,花粉症 だるさ,41,0.80375534
5034,http://www.sugimaru-clinic.com/illness/throat.html,花粉症 声枯れる,41,0.7843328
12155,https://matome.naver.jp/odai/2136811194241958201,花粉症 勉強できない,41,0.7456391
9372,https://lidea.today/articles/499,花粉症 口の渇き,41,0.71119803
3668,https://cio.go.jp/sites/default/files/uploads/documents/od100_cases_07_kafun.pptx,花粉症 辛いもの,41,0.67333335
2685,https://women.benesse.ne.jp/healthcare/pc/static/calendar/calendar39_01.html,花粉症 眠れない,41,0.6610922
10221,https://www.sbc-hospital.jp/care_migraine/point.html,花粉症 づ通,41,0.6518506
1097,https://yoshiya-hasegawa.com/blog/disease/how-to-deal-with-sore-throat/,花粉症 口の中が痒い 対処法,41,0.6503142
3278,https://www.sawai.co.jp/kenko-suishinka/grandma/201111.html,花粉症 わからない,41,0.6439847
5072,https://matome.naver.jp/odai/2142491382157351301,花粉症 口の中が痒い 対処法,41,0.63063
14189,http://www.hijikataen.com/health,花粉症 茶葉,41,0.6222919
4955,https://www.daiichisankyo-hc.co.jp/health/symptom/49_nodonoitami/index2.html,花粉症 喉が痛い,41,0.61855125
14099,https://shigotonadeshiko.jp/56652,花粉症 茶色い鼻水,41,0.61665314
5011,https://www.sbc-hospital.jp/care_throat/01.html,花粉症 のどの痛みだけ,41,0.61578876
11328,https://snowstyle.jimdo.com/%E5%81%A5%E5%BA%B7%E3%81%AA%E3%81%93%E3%81%93%E3%82%8D%E3%81%A8%E3%81%8B%E3%82%89%E3%81%A0/%E8%8A%B1%E7%B2%89%E7%97%87/,花粉症 どうにかしたい,41,0.6004334
8580,http://san-sen.com/archives/7586,花粉症 ヲシテ文字,41,0.5872139
11631,https://www.mylohas.net/2016/02/052674collagen.html,花粉症 ビタミンc,41,0.5805056
16788,https://e-kampo.jp/qanda/,花粉症 びゃっこかにんじんとう,41,0.57552385
10903,https://matome.naver.jp/odai/2135111991183756401,花粉症 両鼻 づまり,41,0.5739082
11140,https://news.yahoo.co.jp/byline/iotatatsunari/20170320-00068203/,花粉症 電車の中,41,0.57167906
11333,https://tokyo.cawaii.media/mina/47546,花粉症 どうにかしたい,41,0.5583754
13826,https://www.shinjyuku-ekimae-clinic.com/hands.html,花粉症 手荒れ,41,0.5457171
10877,http://www.myclinic.ne.jp/painclinic/pc/free.html,花粉症 づ痛,41,0.53988415
3301,http://kafunshou.biz/strategy/strategy_food.html,花粉症 有効な食べ物,41,0.53348494
388,https://www.kyowa-kirin.co.jp/kahun/about/oas.html,花粉症 口の中が痒い,41,0.5322069
734,https://detail.chiebukuro.yahoo.co.jp/qa/question_detail/q1357043788,花粉症 雨の日 ひどい,41,0.5028686
15919,https://www.machii-clinic.com/column/chikara.html,花粉症 力が入らない,41,0.4869615
4711,https://ddnavi.com/review/392593/a/,花粉症 だるさ,41,0.47895217
6703,https://www.kuwana-med.com/kakaritsuke/aim/page17-2.html,花粉症 目が痛い,41,0.4585051
93,https://gotcha.alc.co.jp/entry/20180409-medical-anne7,花粉症 を英語で,41,0.4554164
795,https://sirabee.com/2018/02/16/20161494105/,花粉症 うざい,41,0.45153338
3454,https://cs.sundrug.co.jp/cs/column/reshipi010/,花粉症 腸内環境,41,0.44913706
4635,https://adachi-ent.com/column/437,花粉症 濡れタオル,41,0.4390061
4586,http://shop.ruralnet.or.jp/b_no=01_454098215X/,花粉症 濡れマスク,41,0.43888354
13828,https://news.mynavi.jp/article/20141203-hand/,花粉症 手荒れ,41,0.43719384
14085,https://www.sukusuku.com/contents/212403,花粉症 茶色い鼻水,41,0.43098217
4186,https://www.tonymctony.com/entry/recover_hay_fever,花粉症 治った,41,0.41994822
14803,https://www.lab.toho-u.ac.jp/med/omori/kensa/column/column20150727.html,花粉症 尿潜血,41,0.39853218
10539,https://www.asahi.co.jp/hospital/archive/broadcast/2011_0906.html,花粉症 全身だるい,41,0.3958835
11153,http://www.arakida.co.jp/lens.html,花粉症 電車の中,41,0.39294004
14112,https://detail.chiebukuro.yahoo.co.jp/qa/question_detail/q12110799597,花粉症 着床,41,0.38086373
618,http://mc-ebisu.com/service/,花粉症 遺伝する,41,0.3806692
8582,http://san-sen.com/archives/11476,花粉症 ヲシテ文字,41,0.37346968
14105,https://cocomammy.com/syoki-hanamizu/,花粉症 着床,41,0.37116838
11637,https://www.ss-jibi.com/%E3%82%A4%E3%83%B3%E3%83%95%E3%83%AB%E3%82%A8%E3%83%B3%E3%82%B6%E4%BA%88%E9%98%B2%E6%8E%A5%E7%A8%AE/%E3%81%AB%E3%82%93%E3%81%AB%E3%81%8F%E6%B3%A8%E5%B0%84/,花粉症 ビタミンc,41,0.37082145
9675,https://info.asahi.com/project/sakamoto/20130517.html,花粉症 声枯れる,41,0.34333578
15916,https://www.healthcare.omron.co.jp/resource/column/topics/174.html,花粉症 力が入らない,41,0.3101366
6571,http://www.shinso-tokyo-koisikawa.com/category/1258731.html,花粉症 昔は無かった,41,0.29037884
12865,https://detail.chiebukuro.yahoo.co.jp/qa/question_detail/q1124277381,花粉症 ペアコール,41,0.28843895
1728,http://fukuokahigasi.com/the-cause-of-hay-fever-real/,花粉症 辛いもの,41,0.28265345
5014,https://www4.nhk.or.jp/doctorg/39/,花粉症 のどの痛みだけ,41,0.2197311
12516,https://iyec.omni7.jp/detail/4987306045668,花粉症 パブロン鼻炎カプセル,42,0.59685
12875,http://www.city.higashimatsuyama.lg.jp/shisetsu/shisetsumenu6/1353574965874.html,花粉症 ペアコール,42,0.4255652
16490,https://item.rakuten.co.jp/macaron-store/a-dc-022-1/,花粉症 じゃばらジャム,42,0.40541506
14876,http://itlifehack.jp/archives/2008-02.html,花粉症 百度百科,42,0.2441818
16489,https://www.mbs.jp/saturday-plus/sp/archive/20180310/,花粉症 じゃばらジャム,42,0.23542546
1141,http://www.self-medication.ne.jp/self-medication-tax/01.php,花粉症 処方薬,43,0.9977419
3137,https://wol.nikkeibp.co.jp/article/column/20141121/195321/,花粉症 即効性 市販薬,43,0.9652796
279,https://www.k-fiore.jp/option/allergy/,花粉症 アレルギー検査,43,0.9623077
9377,https://www.ssp.co.jp/alesion/products/feature/,花粉症 口の渇き,43,0.95100003
4631,https://www.zeiss.co.jp/vision-care/ja_jp/better-vision/understanding-vision/health-and-prevention/eye-allergies-and-fast-remedies.html,花粉症 濡れタオル,43,0.87604415
2636,http://kokoro.squares.net/psyqa0395.html,花粉症 ステロイド注射,43,0.86950463
11408,http://www.sasakiku.co.jp/kanpou/tea/ten.htm,花粉症 バラ科アレルギー,43,0.86812
16367,http://www.punkt-on.net/kafun-shou03.html,花粉症 ぎょう虫,43,0.8089194
1157,https://rikunabi-yakuzaishi.jp/article/column/hay_fever_otc_drugs/,花粉症 otc,43,0.79955703
9001,https://ja.wikipedia.org/wiki/%E3%82%A2%E3%83%AC%E3%83%AB%E3%82%AE%E3%83%BC,花粉症 型アレルギー,43,0.74676305
1607,http://www.newsdigest.de/newsde/column/doctor/4489-fruit-allergy/,花粉症 何科,43,0.7328032
1176,https://www.akitashoten.co.jp/comics/4253156436,花粉症 お灸,43,0.7184827
3669,https://style-knowledge.com/kafunsyou-akka/,花粉症 辛いもの,43,0.71763074
491,https://www.news-postseven.com/archives/20140307_244584.html,花粉症 遺伝する,43,0.7151882
612,https://www.lion-dent-health.or.jp/mama-anone/pregnancy/article/preg-allergies-07.htm,花粉症 遺伝する,43,0.68683046
2046,https://diamond.jp/articles/-/120415,花粉症 舌禍治療 費用,43,0.67430604
25,https://dot.asahi.com/wa/2017032200041.html,花粉症 治療薬,43,0.6678015
1226,https://dot.asahi.com/dot/2017041800045.html,花粉症 即効性,43,0.6649986
16752,http://tougouiryou-fukudaclinic.com/bspot.html,花粉症 上咽頭炎,43,0.64977324
3464,https://www.parksideclinic.jp/internal/histaglobin,花粉症 減感作療法 注射,43,0.62066627
2639,http://www.hat-mimi.com/hayfever/step3.html,花粉症 ステロイド注射,43,0.6139492
571,https://www.science-kido.com/single-post/hay-fever/,花粉症 ige,43,0.6101747
13509,https://www.jsa-pr.jp/html/faq.html,花粉症 吸入薬,43,0.59644127
1183,https://navitasclinic.jp/archives/blog/1076,花粉症 お腹痛い,43,0.52163947
1826,https://biz-journal.jp/2016/03/post_14135.html,花粉症 倦怠感,43,0.51574606
8547,http://www.emasefe.com/,花粉症 を治す方法,43,0.5092773
14109,http://sugimoto-ph.com/shawkeat-1-2,花粉症 着床,43,0.5029456
9779,https://www.cocokarafine.co.jp/onayami/others/dsl_32.html,花粉症 声枯れる,43,0.4889378
4183,https://gendai.ismedia.jp/articles/-/51832,花粉症 治った,43,0.48885626
84,https://ja.wikipedia.org/wiki/%E8%8A%B1%E7%B2%89%E7%97%87,花粉症 減感作,43,0.48687372
199,https://www.houdoukyoku.jp/posts/23171,花粉症 具合悪い,43,0.4770374
6930,https://www.nakajima-clinic.com/2018/02/1961/,花粉症 もう飛んでる,43,0.47156486
13693,https://www.religiousworlds.com/products/113,花粉症 強力な薬,43,0.47145218
1576,http://www.fuanclinic.com/byouki/a_13.htm,花粉症 具合悪い,43,0.46650347
4136,http://komachi.yomiuri.co.jp/t/2009/0424/236385.htm,花粉症 何科,43,0.4616491
1178,https://www.oni9.net/archive/category/%E8%8A%B1%E7%B2%89%E7%97%87,花粉症 お灸,43,0.45957533
35,https://biz-journal.jp/2015/03/post_9401.html,花粉症 逆治療,43,0.4574659
14736,https://sprit-qi.com/faq/,花粉症 尿の色,43,0.45557088
7008,https://www.religiousworlds.com/products/114,花粉症 強力な薬,43,0.45184574
1050,http://sanrokusou.com/hot_spring,花粉症 お風呂,43,0.44689834
1182,https://www.pref.saitama.lg.jp/a0705/allergy-shitukan.html,花粉症 お腹痛い,43,0.42835483
9367,https://biz-journal.jp/2017/04/post_18644.html,花粉症 口の渇き,43,0.39381272
13834,http://kitaima-dc.com/allergy.html,花粉症 手荒れ,43,0.3925161
14116,http://allergypot.net/kiji,花粉症 着床,43,0.38216546
1980,https://www.kyowa-kirin.co.jp/kahun/treatment/contactlens.html,花粉症 逆治療,43,0.37313232
1057,https://www.47club.jp/17M-000034kwg/goods/detail/10016587/,花粉症 お風呂,43,0.36648598
15417,http://www.itagaki.or.jp/medical_general_3.html,花粉症 脈診,43,0.3612477
13836,http://www9.nhk.or.jp/gatten/articles/20180131/index.html,花粉症 手荒れ,43,0.34038386
788,https://www.sankei.com/life/news/170307/lif1703070020-n1.html,花粉症 減感作療法,43,0.33998677
6325,https://takeda-kenko.jp/navi/navi.php?key=mimidare,花粉症 耳だれ,43,0.32359642
12912,https://ochanomizunaika.com/otc,花粉症 ペラック,43,0.31704614
14866,https://ja.wikipedia.org/wiki/%E8%9C%82%E8%9C%9C,花粉症 百度百科,43,0.2681118
15420,https://www.iimori-cli.com/faq,花粉症 脈診,43,0.22279808
9362,http://www.allegra.jp/feature04.html,花粉症 口の渇き,44,0.9623077
4758,https://www.fujiyakuhin.co.jp/faq/detail.php?c=1&s=3,花粉症 授乳中,44,0.8542455
1832,https://benza.jp/bien/kafunsho/,花粉症 倦怠感,44,0.83319277
9369,https://www.ono.co.jp/patient/disease/no06_02.html,花粉症 口の渇き,44,0.68922347
6293,https://www.tama-garden.com/menu/otorhinolaryngology/index.html,花粉症 味がしない,44,0.6188104
14724,http://medical.itp.ne.jp/byouki/shoujou/nyou-iro/,花粉症 尿の色,44,0.57140857
9728,http://takenoko-ent.jp/info.html,花粉症 声枯れ,44,0.47185278
13458,https://murata-clinic-houjukai.jp/blog/2017/02/12845/,花粉症 吸入薬,44,0.47177818
5035,http://www.kawanishi-jibika.jp/medical_throat.html,花粉症 声枯れ,44,0.45484644
6298,https://www.furukawa-clinic.net/menu/,花粉症 味がしない,44,0.453188
12055,https://www.bs.jrc.or.jp/csk/kochi/donation/m2_02_02_medicine.html,花粉症 吸入薬,44,0.4530767
6718,http://www.ziyugaoka-eye.com/search/,花粉症 目が痛い,44,0.44310737
14878,http://www.interq.or.jp/ox/dwm/se/se52/se5200129.html,花粉症 百度百科,44,0.42939547
15924,http://www.suzunone-clinic.com/guide/index.html,花粉症 力が入らない,44,0.4101778
16787,http://www.interq.or.jp/ox/dwm/se/se52/se5200125.html,花粉症 びゃっこかにんじんとう,44,0.40106514
1070,http://sugimoto-clinic.or.jp/%E5%81%A5%E5%BA%B7%E3%83%BB%E5%8C%BB%E7%99%82%E3%81%AE%E3%83%92%E3%83%B3%E3%83%88/iryounohinto/allergic_rhinitis/,花粉症 わからない,44,0.38660732
789,http://www.asahi.com/apital/articles/SDI201702179358.html,花粉症 口の中が痒い 対処法,44,0.3853527
10199,http://www.musashiurawa-eye.com/kafun_shoujou/,花粉症 頭痛だけ,44,0.38239157
3957,https://www.jmedj.co.jp/journal/paper/detail.php?id=8026,花粉症 第一選択薬,44,0.37301704
5147,https://eonet.jp/health/healthcare/health60.html,花粉症 目が痛い,44,0.3548698
2957,https://www.mylohas.net/2018/03/blocked_nose.html,花粉症 鼻づまり,44,0.34627074
442,http://www.ikenohata-eye.com/kafun_shoujou/,花粉症 全身症状,44,0.32875028
9389,http://www.ohtoshi-naika.com/original2.html,花粉症 口の中が痒い,44,0.31194824
4570,http://www.atopy.jp/nasl.htm,花粉症 塗るマスク,44,0.27991813
10517,http://hanezawa-cl.jp/pollen.html,花粉症 全身症状,45,0.97312444
12393,http://www.h-cl.org/topics/1151/,花粉症 パレオな男,45,0.96276313
16005,http://www.shuto-clinic.jp/news/843.html,花粉症 逆治療,45,0.9278499
13527,https://www.allergy-i.jp/kayumi/food-allergy/allergy-book/basic-06.html,花粉症 急に治る,45,0.8589367
6704,https://tech.nikkeibp.co.jp/it/pc/article/column/20131112/1111603/,花粉症 目が痛い,45,0.82731736
2919,http://www.takagiganka.com/eye-kafun,花粉症 洗濯物,45,0.82284904
12278,https://www.sas3387.jp/allergy,花粉症 ぼーっとする,45,0.819999
2638,https://kaedeclinic.jp/courses/allergy/,花粉症 ステロイド注射,45,0.79648733
15198,https://fujimoto-apcl.com/medical/,花粉症 標準治療,45,0.79536754
8019,http://www.kawano-clinic.net/allergy/pollinosis/index.html,花粉症 レベル6,45,0.78515995
13872,http://www.pha.u-toyama.ac.jp/toms/column04/index.html,花粉症 出現期間,45,0.7640758
1184,http://tomio-iwasaki-clinic.jp/guide/pollinosis.html,花粉症 お腹痛い,45,0.73757625
14114,https://detail.chiebukuro.yahoo.co.jp/qa/question_detail/q1038049310,花粉症 着床,45,0.72462696
12355,https://www.sawai.co.jp/kenko-suishinka/news/201508.html,花粉症 パッチテスト,45,0.7096222
4998,http://f-eye.jp/kahunsyou.html,花粉症 飲み薬,45,0.70528305
4199,http://takagic.com/col_kafun.html,花粉症 治った,45,0.69212824
1150,https://www.zaditen-al.jp/,花粉症 otc,45,0.6795658
4133,https://www.misaki-eye.com/%E8%8A%B1%E7%B2%89%E7%97%87/,花粉症 何科,45,0.6654592
4172,https://www.kurashi-no-techo.co.jp/books/b_1139.html,花粉症 治し方,45,0.651891
10916,http://kamojibi.com/razer,花粉症 両鼻 づまり,45,0.6227174
13546,https://www.happy-note.com/doctor/030-034.html,花粉症 許容量,45,0.61143
11329,https://gooday.nikkei.co.jp/atcl/report/14/091100030/030400011/,花粉症 どうにかしたい,45,0.60190153
10095,http://www.toshima-jibika.com/original8.html,花粉症 授乳中,45,0.60088956
6321,http://www.naito-jibika.jp/medical.html,花粉症 耳だれ,45,0.5952809
8730,https://www6.nhk.or.jp/special/detail/index.html?aid=20150405,花粉症 nhkスペシャル,45,0.5747928
4992,http://www.takedahp.or.jp/publicity/health/entries/post3545.html,花粉症 飲み薬,45,0.56824654
733,http://jibi.jp/p6/index6-1.html,花粉症 雨の日 ひどい,45,0.56116384
8897,https://news.goo.ne.jp/article/otakuma/life/otakuma-20180208_01.html,花粉症 顔がかゆい,45,0.556574
13870,http://www.morioka-medi-coop.or.jp/kahunsyou.html,花粉症 出現期間,45,0.54798967
12357,http://kobayashi-cl.jp/allergic.html,花粉症 パッチテスト,45,0.5377721
5284,http://hattori-hifu.com/allergy/kafunhi/,花粉症 顔がかゆい,45,0.529472
4122,https://www.city.hachioji.tokyo.jp/question/007/001/p000848.html,花粉症 何科,45,0.5251888
10504,http://akaishi-clinic.com/hayfever.html,花粉症 全身症状,45,0.510694
9738,http://www.kohno-ent.com/annai.html,花粉症 声枯れ,45,0.50957274
4628,https://wotopi.jp/archives/53592,花粉症 濡れタオル,45,0.5009169
1214,http://www.myclinic.ne.jp/jibikashira/pc/free4.html,花粉症 わからない,45,0.4986114
16763,http://www.takagi-jibika.com/illness/treatment.html,花粉症 上咽頭炎,45,0.4985352
619,https://matsunaga-clinic.or.jp/illness/pollinosis.html,花粉症 遺伝する,45,0.48872578
5734,http://suumo.jp/journal/2015/04/01/81280/,花粉症 わからない,45,0.47003406
9019,http://www.nerima-hosp.or.jp/center/kensa/99.html,花粉症 型アレルギー,45,0.4674659
1835,http://www.meisha.or.jp/infomation/hayfever,花粉症 逆療法,45,0.45578596
1904,https://premium.toyokeizai.net/articles/-/14735,花粉症 経済損失,45,0.42599055
4094,http://www.karadacare-navi.com/life/04/,花粉症 治し方,45,0.41913792
11134,https://mainichi.jp/premier/health/articles/20170224/med/00m/010/002000c,花粉症 でも大丈夫な花,45,0.40795073
2576,http://www.iidabashi-eye.com/disease/kafun.html,花粉症 強力な薬,45,0.3962255
13512,http://www.takahashinaika.com/allergy.html,花粉症 吸入薬,45,0.3941895
15967,http://jbpress.ismedia.jp/articles/-/52569,花粉症 逆療法,45,0.39109206
2306,http://www.tsuchiura-ishikai.org/3277.html,花粉症 最新治療,45,0.3344843
9736,http://www.kohno-ent.com/m/annai.html,花粉症 声枯れ,45,0.32594526
565,http://bukai.pharm.or.jp/bukai_kanei/topics/topics20.html,花粉症 型アレルギー,45,0.27184722
16369,https://yomidr.yomiuri.co.jp/article/20160324-OYTET50008/,花粉症 ぎょう虫,45,0.2471656
12995,http://www.chesuto.jp/newblog_r15,花粉症 ぺニス,46,0.7126234
14812,https://www.mokubo.jp/medical/,花粉症 尿潜血,46,0.44209635
12996,https://twilog.org/Mihoko_Nojiri/month-1803,花粉症 ぺニス,46,0.38248307
14199,http://394108.jp/?mode=cate&cbid=314122&csid=0,花粉症 茶葉,46,0.37012252
13550,http://hotel-hakataplace.com/news/15,花粉症 許容量,46,0.32321516
16282,https://www.bci.co.jp/netkeizai/serial/379,花粉症 業務効率,47,0.6638078
5972,http://www.itmedia.co.jp/news/special/bz160401/index.html,花粉症 業務効率,47,0.5275038
1163,http://nanten-acu.net/disease/allergy,花粉症 お灸,47,0.34193444
2577,https://medical.nikkeibp.co.jp/leaf/mem/pub/series/oobayashi/201702/550012.html,花粉症 吸入薬,48,0.6342762
11711,http://www.interq.or.jp/ox/dwm/se/se44/se4490033.html,花粉症 ビラノア,48,0.5114011
12998,http://handbitch.blog.fc2.com/blog-date-201512.html,花粉症 ぺニス,48,0.47522685
16668,http://park.paa.jp/park2/clinics/1588/businesses/01,花粉症 受診勧奨,48,0.45921242
12168,https://item.rakuten.co.jp/greenlabel/face-mask/,花粉症 防塵マスク,48,0.31451857
1175,https://salon-mimosa.jp/blog/2018/03/7435/,花粉症 お灸,49,0.46434465
12987,https://oshiete.goo.ne.jp/qa/10631040.html,花粉症 ぺニス,49,0.3999667
16476,https://www.rakuten.co.jp/jabara/,花粉症 じゃばらジャム,49,0.31606194
12033,https://www.cosme.net/beautist/article/2194958,花粉症 ベースメイク,49,0.18632421
