0,百度・筋肉痛・百度百科,,
,,花粉症 百度,6
,,花粉症 筋肉痛,1
,,花粉症 百度百科,1
,,百日咳 花粉症,1
,,花粉症 フルーツ,1
,,花粉症 飲むヨーグルト,1
,,花粉症 ごぼう茶,1
,,花粉症 尿の色,1
,,花粉症 パイナップル,1
,,花粉症 ギャグ,1
1,ユーカリ ティーツリー・ペンダント・ユーカリ,,
,,花粉症 ユーカリ ティーツリー,9
,,花粉症 ペンダント,4
,,花粉症 ユーカリ,4
,,花粉症 アロマ,3
,,花粉症 有名人,3
,,花粉症 ペパーミント,2
,,花粉症 チャイ,2
,,花粉症 ドテラ,2
,,花粉症 点滴,1
,,花粉症 ハーブ,1
,,花粉症 pop,1
,,花粉症 デトックス,1
,,花粉症 うつ,1
,,花粉症 nlp,1
,,花粉症 行徳,1
,,花粉症 フルーツ,1
,,花粉症 じゃばらジャム,1
,,花粉症 季節,1
,,花粉症 otc,1
,,花粉症 ヨモギ,1
,,花粉症 塗るマスク,1
,,花粉症 精油,1
,,花粉症 ムーンライト,1
,,花粉症 芸能人,1
,,花粉症 プレゼント 女性,1
,,花粉症 中国,1
,,花粉症 レメディ,1
,,花粉症 ガスマスク,1
,,花粉症 キャッチコピー,1
,,花粉症 緑茶 効果,1
,,花粉症 緑茶,1
,,花粉症 エッセンシャルオイル,1
,,花粉症 馬油,1
,,花粉症 雑誌,1
2,ギャグ・ペリアクチン・有名人,,
,,花粉症 ギャグ,2
,,花粉症 ペリアクチン,1
,,花粉症 有名人,1
,,花粉症 憑依,1
,,花粉症 キャラクター,1
,,花粉症 を英語で,1
,,花粉症 英語,1
,,花粉症 老化,1
,,花粉症 ぶどう,1
,,花粉症 チョコレート,1
,,花粉症 ミョウバン,1
,,花粉症 パイロット,1
,,花粉症 パイナップル,1
,,花粉症 プロポリス,1
,,花粉症 声枯れ,1
,,花粉症 プレドニン,1
,,花粉症 食物アレルギー,1
,,花粉症 米,1
,,花粉症 女子,1
,,花粉症 リュウマチ,1
,,花粉症 フランス語,1
,,花粉症 じゃばら,1
,,花粉症 サプリ,1
,,花粉症 ムーンライト,1
3,マヌカハニー・木材・緑茶,,
,,花粉症 マヌカハニー,4
,,花粉症 木材,3
,,花粉症 緑茶,1
,,花粉症 プレゼント,1
,,花粉症 卒論,1
,,花粉症 クラリチン,1
,,花粉症 茶葉,1
,,花粉症 中国語,1
,,花粉症 キャンプ,1
,,花粉症 江戸時代,1
,,花粉症 ヒューストン,1
,,ミャンマー 花粉症,1
4,リアルタイム・流行・ツイッター,,
,,花粉症 リアルタイム,8
,,花粉症 流行,8
,,花粉症 ツイッター,8
,,花粉症 流行マップ,7
,,花粉症 労働生産性,6
,,花粉症 ガイドライン 2018,6
,,花粉症 レベル,5
,,花粉症 予報,4
,,花粉症 造影剤,4
,,花粉症 調査,4
,,花粉症 男女比,4
,,花粉症 データ,3
,,花粉症 速報,3
,,花粉症 本,3
,,花粉症 研究,3
,,花粉症 訴訟,3
,,花粉症 ポスター,3
,,花粉症 npo,3
,,花粉症 厚生労働省,3
,,花粉症 チェック,2
,,花粉症 世界,2
,,花粉症 ロラタジン,2
,,花粉症 チャート,2
,,花粉症 今日,2
,,花粉症 量,2
,,花粉症 情報 2018,2
,,花粉症 情報,2
,,花粉症 本日,2
,,花粉症 車,2
,,花粉症 ビラノア,2
,,花粉症 デザレックス,2
,,花粉症 動画,2
,,花粉症 ゾレア,2
,,花粉症 プロポリス,2
,,花粉症 ヨーグルト,2
,,花粉症 ポスター 厚生労働省,2
,,花粉症 人口,2
,,花粉症 罹患率,2
,,花粉症 キャッチコピー,2
,,花粉症 スプレー,2
,,花粉症 効く,2
,,ギャバ 花粉症,2
,,花粉症 ぎょう虫,2
,,花粉症 標準治療,2
,,花粉症 略語,2
,,花粉症 治験,2
,,花粉症 ドーピング,2
,,花粉症 うざい,1
,,花粉症 予防 病院,1
,,花粉症 流行 なぜ,1
,,花粉症 防止,1
,,花粉症 早期治療,1
,,花粉症 予防,1
,,花粉症 韓国語,1
,,花粉症 増加 グラフ,1
,,花粉症 現在,1
,,花粉症 今日 大阪,1
,,花粉症 表,1
,,花粉症 グラフ,1
,,花粉症 今日 東京,1
,,花粉症 北海道,1
,,花粉症 くしゃみ,1
,,花粉症 点鼻薬 アラミスト,1
,,花粉症 味がしない,1
,,花粉症 声が枯れる,1
,,花粉症 声枯れる,1
,,花粉症 中国,1
,,花粉症 パタノール,1
,,花粉症 レベル6,1
,,花粉症 病院 妙典,1
,,花粉症 妙典,1
,,花粉症 茗荷谷 病院,1
,,花粉症 病名,1
,,花粉症 ランキング,1
,,花粉症 otc,1
,,花粉症 統計,1
,,花粉症 今日 種類,1
,,花粉症 流行時期,1
,,花粉症 ブタクサ,1
,,花粉症 行政 対策,1
,,花粉症 即効性,1
,,花粉症 咳 市販薬,1
,,花粉症 即効,1
,,花粉症 対策,1
,,花粉症 即効性 市販薬,1
,,花粉症 対処法,1
,,花粉症 割合 日本人,1
,,花粉症 ベポタスチン,1
,,花粉症 抑える,1
,,花粉症 きゅうり,1
,,花粉症 割合,1
,,花粉症 頭痛 対処法,1
,,花粉症 乳酸菌 効果,1
,,花粉症 乳酸菌,1
,,花粉症 防ぐ,1
,,花粉症 飲むヨーグルト,1
,,花粉症 有効な食べ物,1
,,花粉症 ガスマスク,1
,,花粉症 乳酸菌 おすすめ,1
,,花粉症 評価,1
,,花粉症 塗り薬,1
,,花粉症 最新,1
,,花粉症 塗り薬 ランキング,1
,,花粉症 サプリ,1
,,花粉症 帽子,1
,,花粉症 対策 薬,1
,,花粉症 特効薬,1
,,花粉症 人数,1
,,花粉症 サプリ 乳酸菌,1
,,花粉症 日本人 割合,1
,,花粉症 グッズ,1
,,花粉症 最新薬,1
,,花粉症 ザイザル,1
,,花粉症 薬 ザイザル,1
,,花粉症 脱水,1
,,花粉症 頭痛 対策,1
,,花粉症 フランス語,1
,,花粉症 夕方,1
,,花粉症 クラリチン,1
,,花粉症 ゼスラン,1
,,花粉症 百科,1
,,花粉症 尿蛋白,1
,,花粉症 行徳,1
,,花粉症 有病率,1
,,花粉症 漢方,1
,,花粉症 第一選択薬,1
,,花粉症 冬,1
,,花粉症 プラズマクラスター,1
,,花粉症 葛根湯,1
,,花粉症 エキナセア,1
,,花粉症 目薬 ランキング,1
,,花粉症 妊婦,1
,,花粉症 尿療法,1
,,花粉症 老化,1
,,花粉症 腰痛,1
,,花粉症 業務効率,1
,,花粉症 ガイドライン,1
,,花粉症 年齢,1
,,花粉症 治したい,1
,,花粉症 新薬,1
,,花粉症 評判 病院,1
,,花粉症 ペアコール,1
,,花粉症 ジェネリック,1
,,花粉症 寄生虫,1
,,花粉症 勉強できない,1
,,花粉症 休暇,1
,,花粉症 早退,1
,,花粉症 びゃっこかにんじんとう,1
,,花粉症 国民病,1
,,花粉症 耳,1
,,花粉症 逆流性食道炎,1
,,花粉症 眠気,1
,,花粉症 処方薬,1
,,花粉症 ポルトガル語,1
,,花粉症 パンフレット,1
,,百合油 花粉症,1
,,花粉症 サングラス,1
,,花粉症 ブロック注射,1
,,花粉症 客室乗務員,1
,,花粉症 対策 鼻,1
,,花粉症 パイロット,1
,,花粉症 睡眠,1
,,花粉症 バファリン,1
,,花粉症 フェキソフェナジン,1
,,花粉症 パブロン,1
,,花粉症 乳酸菌 カルピス,1
,,花粉症 ぜんそく,1
,,花粉症 モーニングアタック,1
,,花粉症 夜,1
5,ブロック注射・第一選択薬・ペインクリニック,,
,,花粉症 ブロック注射,4
,,花粉症 第一選択薬,3
,,花粉症 ペインクリニック,3
,,花粉症 漢方,3
,,花粉症 注射 ノイロトロピン,3
,,花粉症 脈診,3
,,花粉症 注射 東京,2
,,花粉症 味覚,2
,,花粉症 鼻血,2
,,花粉症 塗り薬 目,2
,,花粉症 点鼻薬 処方,2
,,花粉症 葛根湯,2
,,花粉症 注射 千葉,2
,,花粉症 論文,2
,,花粉症 即効性,2
,,花粉症 全身症状,2
,,花粉症 ステロイド注射,2
,,花粉症 注射,2
,,花粉症 モンテルカスト,2
,,花粉症 最新薬,2
,,花粉症 ヒューストン,1
,,花粉症 喘息,1
,,花粉症 表,1
,,花粉症 両鼻 づまり,1
,,花粉症 ペニシリン,1
,,花粉症 耳,1
,,花粉症 ローヤルゼリー,1
,,花粉症 女子,1
,,花粉症 ロイコトリエン,1
,,花粉症 くしゃみ,1
,,花粉症 プレゼント 男性,1
,,花粉症 ニキビ,1
,,花粉症 キャッチコピー,1
,,花粉症 茶,1
,,花粉症 腸内フローラ,1
,,花粉症 腸内細菌,1
,,花粉症 ザイザル 効かない,1
,,花粉症 ザイザル,1
,,花粉症 薬 ザイザル,1
,,花粉症 ザイザル 市販,1
,,花粉症 ピーク 時期,1
,,花粉症 ピーク,1
,,花粉症 初期療法,1
,,花粉症 エッセンシャルオイル,1
,,花粉症 セイタカアワダチソウ,1
,,花粉症 口内炎,1
,,花粉症 卒論,1
,,花粉症 有病率 都道府県,1
,,花粉症 薬 強さ,1
,,花粉症 運動,1
,,花粉症 アレルギー性鼻炎,1
,,花粉症 温める,1
,,花粉症 鼻炎,1
,,花粉症 東洋医学,1
,,花粉症 経済損失,1
,,花粉症 早退,1
,,花粉症 労働生産性,1
,,花粉症 体質改善,1
,,百合油 花粉症,1
,,花粉症 ひどい,1
,,花粉症 人口,1
,,花粉症 気管支炎,1
,,花粉症 人数,1
,,花粉症 不眠,1
,,花粉症 病院 注射,1
,,花粉症 のどの痛みだけ,1
,,花粉症 別名,1
,,花粉症 注射 いつから,1
,,花粉症 注射 ステロイド,1
,,花粉症 びゃっこかにんじんとう,1
,,花粉症 ige,1
,,花粉症 注射 ヒスタグロビン,1
,,花粉症 喉が痛い,1
,,花粉症 喉のかゆみ,1
,,花粉症 喉 違和感,1
,,花粉症 喉,1
,,花粉症 のど,1
,,花粉症 喉の痛み,1
,,花粉症 下痢,1
,,花粉症 抜け毛,1
,,花粉症 ガイドライン,1
,,花粉症 ガイドライン 2018,1
,,花粉症 即効,1
,,花粉症 お腹痛い,1
,,花粉症 寄生虫,1
,,花粉症 ぎょう虫,1
,,花粉症 脱毛,1
,,花粉症 耳つぼ,1
,,花粉症 ピアス,1
,,花粉症 お灸,1
,,花粉症 受診勧奨,1
,,花粉症 新薬,1
,,花粉症 急になる,1
,,花粉症 頭痛 薬,1
,,花粉症 突然,1
,,花粉症 強い薬,1
,,花粉症 目薬,1
,,花粉症 口の渇き,1
,,花粉症 目,1
,,花粉症 牛肉,1
,,花粉症 お酒,1
,,花粉症 飲み薬,1
,,花粉症 熱っぽい,1
,,花粉症 目薬 ランキング,1
,,花粉症 薬 眠くならない,1
,,花粉症 眼科,1
,,花粉症 病院 薬,1
,,花粉症 通院,1
,,花粉症 づ痛,1
,,花粉症 点眼,1
,,花粉症 処方薬,1
,,花粉症 パッチ,1
,,花粉症 ゼスラン,1
,,花粉症 錠剤,1
,,花粉症 テスト,1
,,花粉症 薬 種類,1
,,花粉症 問診票,1
,,花粉症 ベポタスチン,1
,,花粉症 略語,1
6,プレゼント 男性・業務効率・手話,,
,,花粉症 プレゼント 男性,4
,,花粉症 業務効率,3
,,花粉症 手話,3
,,nプラス 花粉症,3
,,花粉症 ヒューマンエラー,3
,,花粉症 ポケットティッシュ,2
,,花粉症 エキナセア,2
,,花粉症 ロキソニン,2
,,花粉症 ラクトフェリン,2
,,花粉症 チャクラ,2
,,花粉症 pop,2
,,花粉症 nlp,2
,,花粉症 ティッシュ,1
,,花粉症 nk細胞,1
,,花粉症 保険,1
,,花粉症 通院,1
,,花粉症 喘息,1
,,花粉症 改善,1
,,花粉症 ジャスミン茶,1
,,花粉症 ローズヒップ,1
,,花粉症 ハーブ,1
,,花粉症 ミント,1
,,花粉症 木材,1
,,花粉症 運動,1
,,花粉症 対処法,1
,,花粉症 対策,1
,,花粉症 パンフレット,1
,,花粉症 今日 東京,1
,,花粉症 耳鳴り,1
,,花粉症 アレグラ,1
,,花粉症 ロキソニン 効く,1
,,花粉症 有名 病院,1
,,花粉症 老化,1
,,花粉症 筋トレ,1
,,花粉症 逆流性食道炎,1
,,花粉症 レメディ,1
,,花粉症 ホメオパシー,1
,,花粉症 特徴,1
,,花粉症 入院,1
,,花粉症 尿療法,1
,,花粉症 お風呂,1
,,花粉症 客室乗務員,1
,,花粉症 無気力,1
,,花粉症 プラズマクラスター,1
,,花粉症 東洋医学,1
,,花粉症 プレゼント 女性,1
,,花粉症 風邪薬,1
,,花粉症 勉強できない,1
,,花粉症 キャベジン,1
,,花粉症 点鼻薬 アラミスト,1
,,花粉症 点鼻薬,1
,,花粉症 ペインクリニック,1
,,花粉症 ブロック注射,1
,,花粉症 だるい,1
,,花粉症 だるさ,1
,,花粉症 有効な食べ物,1
,,花粉症 キャンプ,1
,,花粉症 併発,1
,,花粉症 ng,1
,,花粉症 帽子,1
,,花粉症 otc,1
,,花粉症 サングラス,1
,,花粉症 ドリンク,1
,,花粉症 兵庫県,1
,,花粉症 皮膚科,1
,,花粉症 ボトックス 効果,1
,,花粉症 表情,1
,,花粉症 ボトックス,1
,,花粉症 表,1
,,花粉症 病院 妙典,1
,,花粉症 パブロン,1
,,花粉症 咳 市販薬,1
,,花粉症 パッチテスト,1
,,花粉症 辛さ,1
,,花粉症 パッチ,1
,,花粉症 結膜炎,1
,,花粉症 プレゼント,1
,,花粉症 ポスター 厚生労働省,1
,,花粉症 費用,1
,,花粉症 最新薬,1
,,花粉症 ペットボトル,1
,,花粉症 サプリ,1
,,花粉症 ポスター,1
,,花粉症 茗荷谷 病院,1
,,花粉症 重度,1
,,花粉症 ヒューストン,1
,,花粉症 漫画,1
,,花粉症 空気清浄機,1
,,花粉症 デート,1
,,花粉症 フランス語,1
,,花粉症 エッセンシャルオイル,1
,,花粉症 腸,1
,,花粉症 便秘,1
,,花粉症 腸内フローラ,1
,,花粉症 腸内環境,1
,,花粉症 ミュゼ,1
,,花粉症 マスクメロン,1
,,花粉症 パイロット,1
,,花粉症 龍角散 効果,1
,,花粉症 飲むヨーグルト,1
7,牛車腎気丸 花粉症・気管支炎・びゃっこかにんじんとう,,
,,牛車腎気丸 花粉症,3
,,花粉症 気管支炎,2
,,花粉症 びゃっこかにんじんとう,2
,,花粉症 漢方,2
,,花粉症 薬 強さ,2
,,花粉症 兵庫県,1
,,花粉症 尿の色,1
,,花粉症 鼻づまり,1
,,花粉症 悪寒,1
,,花粉症 づ通,1
,,花粉症 鼻 づまり,1
,,花粉症 発熱,1
,,花粉症 葛根湯,1
,,花粉症 ニキビ,1
,,花粉症 休暇,1
,,花粉症 受診,1
,,花粉症 点鼻薬 おすすめ,1
,,花粉症 アレグラ,1
,,花粉症 フェキソフェナジン,1
,,花粉症 ジェネリック,1
,,花粉症 東洋医学,1
,,花粉症 眠気,1
,,花粉症 薬 眠くならない,1
,,花粉症 無気力,1
,,ビャクシン 花粉症,1
,,百合油 花粉症,1
,,百合の花 花粉症,1
,,花粉症 ギャグ,1
8,ゴーグル メガネの上から・ゴーグル・ローズヒップ,,
,,花粉症 ゴーグル メガネの上から,9
,,花粉症 ゴーグル,5
,,花粉症 ローズヒップ,4
,,花粉症 ジョギング,3
,,花粉症 バイク,3
,,花粉症 ランニング,3
,,花粉症 サングラス,2
,,花粉症 メガネ,2
,,花粉症 フェキソフェナジン,2
,,花粉症 化粧,2
,,花粉症 エバステル,2
,,花粉症 薬 ザイザル,2
,,花粉症 ザイザル,2
,,花粉症 塗るマスク,2
,,花粉症 ゴーグル ダイソー,2
,,花粉症 プレゼント 女性,2
,,花粉症 グッズ,1
,,花粉症 対策 飲み物,1
,,花粉症 乳酸菌,1
,,花粉症 雑誌,1
,,花粉症 じゃばら,1
,,花粉症 じゃばらジャム,1
,,花粉症 じゃばら 効果,1
,,花粉症 ドリンク,1
,,花粉症 江戸時代,1
,,花粉症 早退,1
,,花粉症 ワイン,1
,,花粉症 兵庫県,1
,,花粉症 動画,1
,,花粉症 キャンプ,1
,,花粉症 スプレー,1
,,花粉症 プラズマクラスター,1
,,花粉症 デザレックス,1
,,花粉症 強力な薬,1
,,花粉症 ヒスタミン,1
,,花粉症 ビラノア,1
,,花粉症 治療薬,1
,,花粉症 ディレグラ,1
,,花粉症 otc,1
,,花粉症 薬 逆効果,1
,,花粉症 ジェネリック,1
,,花粉症 ザイザル 効かない,1
,,抗アレルギー薬 花粉症 を比較してみました。,1
,,花粉症 新薬,1
,,花粉症 薬,1
,,花粉症 薬 強さ,1
,,花粉症 最新,1
,,花粉症 処方薬,1
,,花粉症 薬 名前,1
,,花粉症 ザイザル 市販,1
,,花粉症 最新薬,1
,,花粉症 薬 種類,1
,,花粉症 ロラタジン,1
,,花粉症 登山,1
,,花粉症 ジャスミン茶,1
,,花粉症 電車の中,1
,,花粉症 パイロット,1
,,花粉症 ベースメイク,1
,,ヒュミラ 花粉症,1
,,花粉症 ピクシブ,1
,,ピュアシナジー 花粉症,1
,,花粉症 費用,1
,,花粉症 メガネ 百均,1
,,花粉症 百均,1
,,花粉症 肌荒れ,1
,,花粉症 スキンケア,1
,,花粉症 化粧水,1
,,花粉症 マスク 高級,1
9,ジャニーズ・手話・パッチ,,
,,花粉症 ジャニーズ,2
,,花粉症 手話,2
,,花粉症 パッチ,2
,,花粉症 ガスマスク,1
,,花粉症 百度,1
,,花粉症 休暇,1
,,花粉症 パブロン,1
,,花粉症 パブロン鼻炎カプセル,1
,,花粉症 キャンプ,1
,,花粉症 バイト,1
,,花粉症 ベジタリアン,1
,,ミュージシャン 花粉症,1
,,花粉症 りんご,1
10,問診票・注射 費用・点滴,,
,,花粉症 問診票,2
,,花粉症 注射 費用,1
,,花粉症 点滴,1
,,花粉症 抜け毛,1
,,花粉症 ステロイド注射,1
,,花粉症 プレドニン,1
,,花粉症 京都,1
,,花粉症 脱毛,1
,,花粉症 注射,1
,,花粉症 注射 ステロイド,1
,,花粉症 ステロイド,1
,,花粉症 茗荷谷,1
,,花粉症 茗荷谷 病院,1
,,花粉症 シャンプー,1
,,花粉症 脱水,1
,,花粉症 ラジオ波治療,1
,,ヒュウガトウキ 花粉症,1
,,花粉症 ぺニス,1
11,尿の色・化粧水・痰,,
,,花粉症 尿の色,3
,,花粉症 化粧水,2
,,花粉症 痰,2
,,花粉症 鼻水,2
,,花粉症 鼻水 色,2
,,花粉症 ティッシュ,2
,,花粉症 ポケットティッシュ,2
,,花粉症 茶色い鼻水,2
,,花粉症 ニキビ,2
,,花粉症 耳,2
,,花粉症 脈拍,1
,,花粉症 脈,1
,,花粉症 ステロイド注射,1
,,花粉症 脱水,1
,,花粉症 うざい,1
,,花粉症 扁桃腺 痛い,1
,,花粉症 宇都宮,1
,,花粉症 葛根湯,1
,,花粉症 ワセリン 鼻 塗り方,1
,,ギャバ 花粉症,1
,,花粉症 レメディ,1
,,花粉症 ホメオパシー,1
,,花粉症 トマト,1
,,花粉症 マツエク,1
,,花粉症 バイト,1
,,花粉症 雨,1
,,花粉症 楽になる方法,1
,,花粉症 即効,1
,,花粉症 原理,1
,,花粉症 耳つぼ,1
,,花粉症 むずむず,1
,,花粉症 対策 鼻,1
,,花粉症 ツボ,1
,,花粉症 百科,1
,,花粉症 抑える,1
,,花粉症 鼻 づまり 解消,1
,,花粉症 頭痛 ツボ,1
,,花粉症 鼻 づまり,1
,,花粉症 頭痛 対処法,1
,,花粉症 鼻づまり,1
,,花粉症 づ痛,1
,,花粉症 なぜ,1
,,花粉症 楽にする方法,1
,,花粉症 ロキソニン 効く,1
,,花粉症 づ通,1
,,花粉症 両鼻 づまり,1
,,花粉症 治った,1
,,花粉症 漢方,1
,,花粉症 ロラタジン,1
,,花粉症 クラリチン,1
,,花粉症 ニュース,1
,,花粉症 メガネ 百均,1
,,花粉症 百均,1
12,皮下免疫療法・舌下免疫療法・免疫療法,,
,,花粉症 皮下免疫療法,8
,,花粉症 舌下免疫療法,6
,,花粉症 免疫療法,6
,,花粉症 皮下注射,5
,,花粉症 舌禍治療 時期,5
,,花粉症 ダニ,5
,,花粉症 舌禍治療,4
,,花粉症 舌禍治療 いつから,4
,,花粉症 標準治療,3
,,花粉症 wiki,3
,,花粉症 病院,3
,,花粉症 有名 病院,3
,,花粉症 療法,3
,,花粉症 逆療法,3
,,花粉症 水分,2
,,花粉症 病院 東京,2
,,花粉症 今日 東京,2
,,花粉症 体質改善,2
,,花粉症 治療,2
,,花粉症 舌禍治療 効果,2
,,花粉症 通院,2
,,花粉症 病院 注射,2
,,花粉症 点滴,2
,,花粉症 割合 2018,2
,,花粉症 日本人 割合,2
,,花粉症 割合,2
,,花粉症 割合 日本人,2
,,花粉症 年齢,2
,,花粉症 受験,2
,,花粉症 最新薬,2
,,花粉症 逆治療,2
,,花粉症 注射 いつから,2
,,花粉症 卒論,2
,,花粉症 レーザー治療 痛み,2
,,花粉症 注射 千葉,2
,,花粉症 最新治療,2
,,花粉症 内科,2
,,花粉症 雑誌,2
,,花粉症 ゼスラン,2
,,花粉症 即効,2
,,花粉症 吸入薬,2
,,花粉症 ワクチン,2
,,花粉症 評判 病院,2
,,花粉症 運動,1
,,花粉症 うつ,1
,,花粉症 遺伝,1
,,花粉症 舌禍治療 費用,1
,,花粉症 別名,1
,,花粉症 正式名称,1
,,花粉症 病院 おすすめ,1
,,花粉症 どこの病院,1
,,花粉症 研究,1
,,花粉症 むくみ,1
,,花粉症 ゾレア,1
,,花粉症 通院 いつから,1
,,花粉症 動物,1
,,花粉症 併発,1
,,花粉症 キャパシティ,1
,,花粉症 増加,1
,,花粉症 キャパ,1
,,花粉症 出産,1
,,花粉症 ペットボトル,1
,,花粉症 筋肉痛,1
,,花粉症 昔は無かった,1
,,花粉症 昔,1
,,花粉症 この時期,1
,,花粉症 今,1
,,花粉症 秋 咳,1
,,ミャンマー 花粉症,1
,,花粉症 空気清浄機,1
,,花粉症 モーニングアタック,1
,,みょうが 花粉症,1
,,花粉症 錠剤,1
,,花粉症 略語,1
,,花粉症 茗荷谷,1
,,ミュージシャン 花粉症,1
,,花粉症 抜歯,1
,,花粉症 豆乳,1
,,花粉症 サプリ,1
,,花粉症 サプリ 乳酸菌,1
,,花粉症 乳酸菌 おすすめ,1
,,花粉症 鼻づまり,1
,,花粉症 サウナ,1
,,花粉症 鼻 づまり 解消,1
,,花粉症 頭痛 ツボ,1
,,花粉症 を治す方法,1
,,花粉症 楽にする方法,1
,,花粉症 鼻 づまり,1
,,花粉症 頭痛 対処法,1
,,花粉症 急に治る,1
,,花粉症 減感作,1
,,花粉症 本日,1
,,花粉症 速報,1
,,花粉症 寒気,1
,,花粉症 耳鼻科,1
,,花粉症 雨の日,1
,,花粉症 注射 ヒスタグロビン,1
,,花粉症 チャート,1
,,花粉症 チェック,1
,,花粉症 予防接種,1
,,花粉症 スギ,1
,,花粉症 治療薬,1
,,花粉症 テスト,1
,,花粉症 治し方,1
,,花粉症 薬 逆効果,1
,,花粉症 受診,1
,,花粉症 逆効果,1
,,花粉症 レーザー,1
,,花粉症 粘膜 レーザー,1
,,花粉症 キャンペーン,1
,,花粉症 予防 病院,1
,,花粉症 病院 妙典,1
,,花粉症 来年,1
,,花粉症 保険,1
,,花粉症 治したい,1
,,花粉症 妙典,1
,,花粉症 ガイドライン 2018,1
,,花粉症 バナナ,1
,,花粉症 根治,1
,,花粉症 脈診,1
,,花粉症 ボトックス,1
,,花粉症 ボトックス 効果,1
,,花粉症 老人,1
,,花粉症 留学,1
,,花粉症 リュウマチ,1
,,花粉症 注射 費用,1
,,花粉症 外来,1
,,花粉症 ポララミン,1
,,花粉症 即効性,1
,,花粉症 全身症状,1
,,花粉症 強い薬,1
,,花粉症 ポララミン 鼻づまり,1
,,花粉症 ブロック注射,1
,,花粉症 注射,1
,,花粉症 眠い,1
,,花粉症 葛根湯,1
,,花粉症 病院 いつ,1
,,花粉症 ガイドライン,1
,,花粉症 むずむず,1
,,花粉症 労働生産性,1
,,花粉症 訴訟,1
,,花粉症 pop,1
,,花粉症 pop フリー,1
,,花粉症 ガスマスク,1
,,花粉症 マスク 逆効果,1
,,花粉症 濡れマスク,1
,,花粉症 レベル6,1
,,花粉症 マスク,1
,,花粉症 マスク 高級,1
,,花粉症 注射 東京,1
,,花粉症 茗荷谷 病院,1
,,花粉症 ぜんそく,1
,,花粉症 薬 名前,1
,,花粉症 ザイザル 効かない,1
,,花粉症 薬 おすすめ,1
,,花粉症 即効性 市販薬,1
,,花粉症 強力な薬,1
,,花粉症 ランキング,1
,,花粉症 減感作療法,1
,,花粉症 皮膚科,1
,,花粉症 歴史,1
,,花粉症 国民病,1
,,花粉症 有病率 都道府県,1
,,花粉症 論文,1
,,花粉症 マヌカハニー,1
,,花粉症 対策 飲み物,1
,,花粉症 年間,1
,,花粉症 人口,1
,,花粉症 罹患率,1
,,花粉症 データ,1
,,花粉症 統計,1
,,花粉症 人数,1
,,花粉症 血液検査 結果,1
,,花粉症 有病率,1
,,花粉症 月別,1
,,花粉症 影響,1
,,花粉症 調査,1
,,花粉症 表情,1
13,ドーピング・見分け・後天性,,
,,花粉症 ドーピング,8
,,花粉症 見分け,2
,,花粉症 後天性,2
,,花粉症 サプリ,1
,,花粉症 症状 目,1
,,花粉症 うつる,1
,,花粉症 結膜炎,1
,,花粉症 目やに,1
,,花粉症 卒論,1
,,花粉症 ぶどう,1
,,花粉症 ものもらい,1
,,花粉症 お腹痛い,1
,,花粉症 胃痛,1
,,花粉症 下痢,1
,,花粉症 むくみ,1
,,花粉症 咳 市販薬,1
,,花粉症 塗り薬,1
,,花粉症 風邪薬,1
,,ギャバ 花粉症,1
,,花粉症 症状 風邪,1
,,花粉症 風邪 違い,1
,,花粉症 年齢,1
,,花粉症 注射 ステロイド,1
,,花粉症 運動,1
,,花粉症 皮膚科 薬,1
,,花粉症 飲み薬,1
,,花粉症 眼科,1
,,花粉症 勉強できない,1
,,花粉症 英語,1
,,花粉症 東洋医学,1
,,花粉症 ブロック注射,1
,,花粉症 最新,1
,,花粉症 最新薬,1
,,花粉症 頭痛 咳,1
,,花粉症 胸焼け,1
,,花粉症 逆流性食道炎,1
,,花粉症 まぶた,1
14,英語・を英語で・病院,,
,,花粉症 英語,2
,,花粉症 を英語で,2
,,花粉症 病院,1
,,花粉症 流行マップ,1
,,花粉症 予防 病院,1
,,花粉症 京都 病院,1
,,花粉症 対策 病院,1
,,花粉症 スプレー,1
,,花粉症 問診票,1
,,花粉症 治験,1
,,花粉症 早退,1
,,花粉症 ムーンライト,1
,,花粉症 この時期,1
,,花粉症 耳,1
,,花粉症 エッセンシャルオイル,1
,,花粉症 洗濯物,1
,,花粉症 マツエク,1
,,花粉症 百均,1
,,花粉症 英語 読み方,1
,,花粉症 正式名称,1
,,花粉症 逆流性食道炎,1
,,花粉症 ランニング,1
,,花粉症 梅,1
,,花粉症 ビューラー,1
,,花粉症 外国人,1
,,花粉症 冬場,1
,,花粉症 漢方,1
,,花粉症 尿蛋白,1
,,花粉症 腰痛,1
,,花粉症 ヒューマンエラー,1
,,花粉症 ドーピング,1
,,花粉症 グルテンフリー,1
15,プレゼント 男性・化粧水・チャイ,,
,,花粉症 プレゼント 男性,2
,,花粉症 化粧水,2
,,花粉症 チャイ,2
,,花粉症 ルル,2
,,花粉症 ギャグ,2
,,花粉症 薬 牛乳,2
,,花粉症 チョコ,2
,,花粉症 チョコレート,2
,,花粉症 ポケットティッシュ,2
,,花粉症 茶 べにふうき,2
,,花粉症 べにふうき,2
,,花粉症 お茶 べにふうき,2
,,花粉症 茶カテキン,2
,,花粉症 ツイッター,1
,,花粉症 ムーンライト,1
,,花粉症 布団,1
,,花粉症 掃除機,1
,,花粉症 掃除,1
,,花粉症 プラズマクラスター,1
,,花粉症 お茶,1
,,花粉症 サプリ 乳酸菌,1
,,花粉症 チャクラ,1
,,花粉症 注射 ノイロトロピン,1
,,花粉症 コーヒー,1
,,花粉症 nlp,1
,,nプラス 花粉症,1
,,花粉症 ぶどう,1
,,花粉症 ミュゼ,1
,,花粉症 耳つぼ,1
,,花粉症 雨,1
,,花粉症 ヒューストン,1
,,花粉症 砂糖,1
,,花粉症 速報,1
,,花粉症 ぬか漬け,1
,,花粉症 ペンダント,1
,,花粉症 筋トレ,1
,,花粉症 モンテルカスト,1
,,花粉症 パレオな男,1
,,ヒュウガトウキ 花粉症,1
,,花粉症 ペパーミント,1
,,花粉症 ミント,1
,,花粉症 じゃばら,1
,,花粉症 サプリ,1
,,花粉症 りんご,1
,,花粉症 桃,1
,,花粉症 ルパフィン,1
,,花粉症 ザイザル 市販,1
,,花粉症 薬 強さ,1
,,花粉症 ベジタリアン,1
,,花粉症 ビラノア,1
,,花粉症 デザレックス,1
,,花粉症 腰痛,1
,,花粉症 ルイボス,1
,,花粉症 でも大丈夫な花,1
,,花粉症 ルイボスティー 飲み方,1
,,花粉症 精油,1
,,花粉症 エッセンシャルオイル,1
,,日向翔陽 花粉症,1
,,花粉症 急になる,1
,,花粉症 動悸,1
,,花粉症 塗るマスク,1
,,花粉症 ヲシテ文字,1
,,ヒュミラ 花粉症,1
,,花粉症 冬場,1
,,花粉症 ng 食べ物,1
,,花粉症 即効性,1
,,花粉症 食事,1
,,花粉症 原因 牛乳,1
,,花粉症 即効,1
,,花粉症 抑える,1
,,花粉症 ご飯,1
,,花粉症 対策 飲み物,1
,,花粉症 牛乳,1
,,花粉症 食べ物,1
,,花粉症 効く,1
,,花粉症 ドリンク,1
,,花粉症 対策 牛乳,1
,,花粉症 有効な食べ物,1
,,花粉症 dha,1
,,花粉症 牛乳 改善,1
,,花粉症 ポリフェノール,1
,,花粉症 予防 食べ物,1
,,花粉症 栄養,1
,,花粉症 飲み物,1
,,花粉症 緑茶 効果,1
,,花粉症 緑茶,1
,,花粉症 茶葉,1
,,花粉症 紅茶,1
,,花粉症 キャンディ,1
,,花粉症 パッチテスト,1
,,花粉症 検査 費用,1
,,花粉症 マツエク,1
,,花粉症 もう飛んでる,1
,,花粉症 肌荒れ,1
,,花粉症 スキンケア,1
,,花粉症 化粧,1
,,花粉症 咳 市販薬,1
,,花粉症 偏頭痛,1
,,花粉症 づ通,1
,,花粉症 プレゼント,1
,,花粉症 じゃばらジャム,1
,,花粉症 季節,1
,,花粉症 ジャニーズ,1
,,花粉症 マスクメロン,1
,,花粉症 卒論,1
16,ベースメイク・化粧・ワセリン 鼻 塗り方,,
,,花粉症 ベースメイク,8
,,花粉症 化粧,4
,,花粉症 ワセリン 鼻 塗り方,3
,,花粉症 発熱,2
,,花粉症 化粧水,2
,,花粉症 スキンケア,2
,,花粉症 プレゼント,2
,,花粉症 ワセリン 副作用,2
,,花粉症 ビューラー,2
,,花粉症 準備,2
,,花粉症 目薬 ランキング,1
,,花粉症 マツエク,1
,,花粉症 熱出る,1
,,花粉症 鼻水 色,1
,,花粉症 塗るマスク,1
,,花粉症 わさび,1
,,花粉症 風邪 違い,1
,,花粉症 塗り薬 ランキング,1
,,花粉症 手荒れ,1
,,花粉症 塗り薬 目,1
,,花粉症 顔がかゆい,1
,,花粉症 皮膚科 飲み薬,1
,,花粉症 コンタクト,1
,,花粉症 老化,1
,,花粉症 尿,1
,,花粉症 早退,1
,,花粉症 サウナ,1
,,花粉症 百均,1
,,花粉症 ローヤルゼリー,1
,,花粉症 サプリ,1
,,花粉症 中国語,1
,,花粉症 ジャスミン茶,1
,,花粉症 中国,1
17,ピュアサプライ・マスク おすすめ・防塵マスク,,
,,花粉症 ピュアサプライ,14
,,花粉症 マスク おすすめ,7
,,花粉症 防塵マスク,6
,,花粉症 プラズマクラスター,6
,,花粉症 部屋 対策,5
,,花粉症 濡れマスク,5
,,花粉症 pop フリー,5
,,花粉症 空気清浄機,5
,,花粉症 ガスマスク,5
,,花粉症 掃除機,4
,,花粉症 ランキング,4
,,花粉症 イラスト,4
,,花粉症 n95,4
,,花粉症 エアコン,4
,,花粉症 グッズ,4
,,花粉症 マスク 高級,4
,,花粉症 ペンダント,4
,,花粉症 デート,4
,,みょうが 花粉症,3
,,花粉症 画像,3
,,花粉症 布団,3
,,花粉症 便利,3
,,花粉症 キャラクター,3
,,花粉症 バイク,3
,,花粉症 プレゼント 女性,3
,,花粉症 ゴーグル ダイソー,3
,,花粉症 プレゼント 男性,3
,,花粉症 レシピ,2
,,花粉症 れんこん,2
,,花粉症 龍角散 のど飴,2
,,百合油 花粉症,2
,,花粉症 化粧,2
,,花粉症 写真,2
,,花粉症 ピクシブ,2
,,花粉症 吸入器,2
,,花粉症 ティッシュ,2
,,花粉症 車,2
,,花粉症 マスク,2
,,花粉症 キャンペーン,2
,,花粉症 マスク 逆効果,2
,,日向翔陽 花粉症,2
,,花粉症 百均,2
,,花粉症 タバコ,2
,,花粉症 ピーナッツ,2
,,花粉症 業務効率,2
,,花粉症 キャンディ,2
,,花粉症 砂糖,1
,,花粉症 料理,1
,,花粉症 ご飯,1
,,花粉症 ワイン,1
,,花粉症 ゴーグル,1
,,花粉症 メガネ,1
,,花粉症 サングラス,1
,,花粉症 ニュース,1
,,花粉症 最新,1
,,花粉症 最近,1
,,花粉症 動画,1
,,花粉症 ベースメイク,1
,,花粉症 早退,1
,,花粉症 掃除,1
,,花粉症 濡れタオル,1
,,花粉症 マスクメロン,1
,,花粉症 吐き気,1
,,花粉症 めまい,1
,,花粉症 牛肉,1
,,花粉症 キャベツ,1
,,花粉症 漫画,1
,,花粉症 今日 ひどい ツイッター,1
,,花粉症 ツイッター,1
,,花粉症 ポケットティッシュ,1
,,花粉症 防ぐ,1
,,花粉症 ミョウバン,1
,,花粉症 ミント,1
,,花粉症 pop,1
,,花粉症 じゃばらジャム,1
,,花粉症 npo,1
,,花粉症 どうにかしたい,1
,,花粉症 ごぼう茶,1
,,花粉症 ぎょう虫,1
,,花粉症 ポルトガル語,1
,,花粉症 準備,1
,,花粉症 ペットボトル,1
,,花粉症 現代病,1
,,花粉症 腸内細菌,1
,,花粉症 メガネ 百均,1
,,花粉症 ギャグ,1
,,花粉症 プレゼント,1
,,花粉症 二重,1
,,花粉症 百合,1
,,花粉症 キャパ,1
,,花粉症 ビタミンc,1
,,花粉症 本,1
,,花粉症 ワセリン 鼻 塗り方,1
,,花粉症 龍角散 効果,1
,,花粉症 マヌカハニー,1
,,花粉症 エッセンシャルオイル,1
,,花粉症 雨の日,1
,,花粉症 雨,1
,,花粉症 うつ,1
,,花粉症 デビュー,1
,,花粉症 芸能人,1
,,花粉症 キャッチコピー,1
,,ミャンマー 花粉症,1
,,花粉症 塗り薬,1
,,花粉症 ジャニーズ,1
,,花粉症 薬 おすすめ,1
,,花粉症 馬油,1
,,花粉症 スプレー,1
,,花粉症 塗り薬 ランキング,1
,,花粉症 逆効果,1
,,花粉症 ポスター,1
,,花粉症 ムーンライト,1
,,花粉症 飲むヨーグルト,1
,,花粉症 塗り薬 フマキラー,1
18,ピーク 時期・雑草・ブタクサ 対策,,
,,花粉症 ピーク 時期,18
,,花粉症 雑草,17
,,花粉症 ブタクサ 対策,16
,,花粉症 北海道 時期,16
,,花粉症 洗濯物,16
,,花粉症 ピーク,16
,,花粉症 秋 対策,15
,,花粉症 草,15
,,花粉症 増加,15
,,花粉症 情報 2018,15
,,花粉症 ペット,14
,,花粉症 冬,14
,,花粉症 1 月,14
,,花粉症 ブタクサ 時期,14
,,花粉症 何月,14
,,花粉症 ブタクサ 症状,14
,,花粉症 季節,14
,,花粉症 時期,14
,,花粉症 もう飛んでる,14
,,花粉症 増加 原因,14
,,花粉症 表年,14
,,花粉症 日本だけ,14
,,花粉症 デビュー,14
,,花粉症 症状 秋,13
,,花粉症 ブタクサ,13
,,花粉症 秋,13
,,花粉症 増加 なぜ,13
,,花粉症 デート,13
,,花粉症 女子,13
,,花粉症 ワセリン,12
,,花粉症 帽子,12
,,花粉症 ブタクサ いつ,12
,,花粉症 月別,12
,,花粉症 イネ科,12
,,花粉症 流行時期,12
,,花粉症 量,12
,,花粉症 夕方,12
,,花粉症 雨の日,12
,,花粉症 情報,12
,,花粉症 割合 2018,12
,,花粉症 掃除,12
,,花粉症 北陸,12
,,花粉症 濡れタオル,12
,,花粉症 急になる,12
,,花粉症 ブログ,12
,,花粉症 カレンダー,11
,,花粉症 対処法,11
,,花粉症 勉強できない,11
,,花粉症 今,11
,,花粉症 この時期,11
,,花粉症 今日 種類,11
,,花粉症 種類,11
,,花粉症 頭皮,11
,,花粉症 眠れない,11
,,花粉症 今日 大阪,11
,,花粉症 肌荒れ,11
,,花粉症 防ぐ,11
,,花粉症 予報,11
,,花粉症 睡眠,11
,,花粉症 雑学,11
,,花粉症 ニュース,11
,,花粉症 急に,11
,,花粉症 突然,11
,,花粉症 目,10
,,花粉症 部屋 対策,10
,,花粉症 ヨモギ,10
,,花粉症 病態,10
,,花粉症 布団,10
,,花粉症 特徴,10
,,花粉症 現在,10
,,花粉症 本日,10
,,花粉症 症状,10
,,花粉症 世界,10
,,花粉症 流行 なぜ,10
,,花粉症 増加 グラフ,10
,,花粉症 雨の日 ひどい,10
,,花粉症 チャート,10
,,花粉症 辛さ,10
,,花粉症 今日 ひどい,10
,,花粉症 北海道,10
,,花粉症 便利,10
,,花粉症 エアコン,10
,,花粉症 日本,10
,,花粉症 ワセリン 鼻 塗り方,10
,,花粉症 車,10
,,花粉症 スキンケア,10
,,花粉症 セイタカアワダチソウ,10
,,花粉症 動物,9
,,花粉症 ワセリン 副作用,9
,,花粉症 コンタクト,9
,,花粉症 ひどい,9
,,花粉症 でも大丈夫な花,9
,,花粉症 メガネ,9
,,花粉症 原因 植物,9
,,花粉症 うざい,9
,,花粉症 原因,9
,,花粉症 鼻水,9
,,花粉症 今日,9
,,花粉症 流行,9
,,花粉症 最近,9
,,花粉症 喉のかゆみ,9
,,花粉症 ほこり,9
,,花粉症 予防,9
,,花粉症 塗るマスク,9
,,花粉症 海外,9
,,花粉症 日本人 割合,9
,,花粉症 割合 日本人,9
,,花粉症 掃除機,9
,,花粉症 業務効率,9
,,花粉症 行政,9
,,花粉症 見分け,9
,,花粉症 割合,9
,,花粉症 バイク,9
,,花粉症 炎症,8
,,花粉症 楽になる方法,8
,,花粉症 どうにかしたい,8
,,花粉症 症状 目,8
,,花粉症 むずむず,8
,,花粉症 疑惑,8
,,花粉症 重症,8
,,花粉症 ススキ,8
,,花粉症 一年中,8
,,花粉症 年中,8
,,花粉症 年間,8
,,花粉症 雨,8
,,花粉症 表現,8
,,花粉症 併発,8
,,百合の花 花粉症,8
,,花粉症 メガネ 百均,8
,,花粉症 留学,8
,,花粉症 外国人,8
,,花粉症 なぜ,8
,,花粉症 標高,8
,,花粉症 許容量,8
,,花粉症 電車の中,8
,,花粉症 キャパ,8
,,花粉症 のど,8
,,花粉症 最新,8
,,花粉症 子供,8
,,花粉症 顔がかゆい,8
,,花粉症 昔は無かった,8
,,花粉症 今日 東京,8
,,花粉症 わからない,8
,,花粉症 ランニング,8
,,花粉症 塗り薬 フマキラー,8
,,花粉症 キャンプ,8
,,花粉症 キャパシティ,8
,,花粉症 撲滅,8
,,花粉症 シャンプー,7
,,花粉症 楽にする方法,7
,,花粉症 塗り薬 ランキング,7
,,花粉症 まぶた,7
,,花粉症 ブタクサ 薬,7
,,花粉症 全身症状,7
,,花粉症 咳,7
,,花粉症 むせる,7
,,花粉症 スギ,7
,,花粉症 国民病,7
,,花粉症 人数,7
,,花粉症 理由,7
,,花粉症 ほてり,7
,,花粉症 外来,7
,,花粉症 重度,7
,,花粉症 とは,7
,,花粉症 微熱,7
,,花粉症 症状 頭痛,7
,,花粉症 冬場,7
,,花粉症 百合,7
,,花粉症 モーニングアタック,7
,,花粉症 温める,7
,,花粉症 予防薬,7
,,花粉症 夜,7
,,花粉症 防止,7
,,花粉症 症状 風邪,7
,,花粉症 グッズ,7
,,花粉症 対策 鼻,7
,,花粉症 グラフ,7
,,花粉症 中国,7
,,花粉症 軽減,7
,,花粉症 対策,7
,,花粉症 眼科,7
,,花粉症 ng,7
,,花粉症 のどの痛みだけ,7
,,花粉症 酒 悪化,7
,,花粉症 治す,7
,,花粉症 治し方,7
,,花粉症 お風呂,7
,,花粉症 ぼーっとする,7
,,花粉症 人口,7
,,花粉症 来年,7
,,花粉症 添加物,7
,,花粉症 遺伝する,7
,,花粉症 病院 いつ,7
,,花粉症 寒気,7
,,花粉症 倦怠感,7
,,花粉症 利権,7
,,花粉症 登山,7
,,ビャクシン 花粉症,7
,,花粉症 年齢,7
,,花粉症 ジョギング,7
,,花粉症 喉が痛い,7
,,花粉症 喉の痛み,7
,,花粉症 プール,7
,,花粉症 今日 ひどい ツイッター,7
,,花粉症 皮膚科,7
,,花粉症 現代病,7
,,花粉症 抜け毛,7
,,花粉症 ゴーグル,7
,,花粉症 乳児,7
,,花粉症 塗り薬,7
,,花粉症 を英語で,7
,,花粉症 英語,7
,,花粉症 目が痛い,6
,,花粉症 辛い,6
,,花粉症 くしゃみ,6
,,花粉症 治したい,6
,,花粉症 マスク,6
,,花粉症 鼻 づまり 解消,6
,,花粉症 熱,6
,,花粉症 統計,6
,,花粉症 出現期間,6
,,花粉症 全身だるい,6
,,花粉症 重症 治療,6
,,花粉症 頭痛 咳,6
,,花粉症 辛いもの,6
,,花粉症 有名 病院,6
,,花粉症 キンモクセイ,6
,,花粉症 速報,6
,,花粉症 ユリ,6
,,花粉症 マスク 逆効果,6
,,花粉症 風邪 違い,6
,,花粉症 力が入らない,6
,,花粉症 鼻づまり,6
,,花粉症 鼻 づまり,6
,,花粉症 薬 いつから飲む,6
,,花粉症 声が枯れる,6
,,花粉症 酒,6
,,花粉症 マスク おすすめ,6
,,花粉症 動画,6
,,花粉症 昔,6
,,花粉症 頭痛 対策,6
,,花粉症 鼻水 薬,6
,,花粉症 沖縄,6
,,花粉症 行政訴訟,6
,,花粉症 発熱,6
,,花粉症 兵庫県,6
,,花粉症 皮膚炎,6
,,花粉症 npo,6
,,花粉症 遺伝,6
,,花粉症 内科,6
,,花粉症 罹患率,6
,,花粉症 男女比,6
,,花粉症 有病率,6
,,花粉症 喉,6
,,花粉症 点滴,6
,,花粉症 準備,6
,,花粉症 ゴーグル ダイソー,6
,,花粉症 調査,6
,,花粉症 ストレス,6
,,花粉症 百均,6
,,花粉症 市販薬,6
,,花粉症 出産,6
,,花粉症 ドイツ語,6
,,花粉症 有病率 都道府県,6
,,花粉症 入浴,6
,,花粉症 風呂,6
,,花粉症 芸能人,6
,,花粉症 有名人,6
,,花粉症 抑える,5
,,花粉症 塗り薬 目,5
,,花粉症 鼻炎,5
,,花粉症 づ通,5
,,花粉症 症状 咳,5
,,花粉症 具合悪い,5
,,花粉症 表情,5
,,花粉症 表,5
,,花粉症 本,5
,,花粉症 どこの病院,5
,,花粉症 バラ科アレルギー,5
,,ミュンヘン 花粉症,5
,,花粉症 逆療法,5
,,花粉症 運動,5
,,花粉症 標準治療,5
,,花粉症 うつる,5
,,花粉症 アレルギー,5
,,花粉症 中国語,5
,,花粉症 充血,5
,,花粉症 通院 いつから,5
,,花粉症 キャンペーン,5
,,花粉症 声枯れる,5
,,花粉症 お酒,5
,,花粉症 改善,5
,,花粉症 口呼吸,5
,,花粉症 レシピ,5
,,花粉症 ポスター 厚生労働省,5
,,花粉症 百科,5
,,花粉症 チェック,5
,,花粉症 を治す方法,5
,,花粉症 馬油,5
,,花粉症 目薬 逆効果,5
,,花粉症 英語 読み方,5
,,花粉症 ニキビ,5
,,花粉症 レベル6,5
,,花粉症 治る,5
,,花粉症 ヨーグルト,5
,,花粉症 頭痛 薬,5
,,花粉症 行政 対策,5
,,花粉症 妊婦,5
,,花粉症 病気,5
,,花粉症 民間療法,5
,,花粉症 じんましん,5
,,花粉症 保険,5
,,花粉症 完治,5
,,花粉症 トマト,5
,,花粉症 筋トレ,5
,,花粉症 訴訟,5
,,花粉症 ツボ,5
,,花粉症 ムーンライト,5
,,花粉症 wiki,4
,,花粉症 目薬 コンタクト,4
,,花粉症 急に治る,4
,,花粉症 効く,4
,,花粉症 目やに,4
,,花粉症 気管支炎,4
,,花粉症 高熱,4
,,花粉症 影響,4
,,花粉症 下痢,4
,,花粉症 強い薬,4
,,花粉症 漫画,4
,,花粉症 胃腸,4
,,花粉症 皮膚科 薬,4
,,花粉症 頭痛だけ,4
,,花粉症 手荒れ,4
,,花粉症 パンフレット,4
,,花粉症 りんご,4
,,花粉症 吐き気,4
,,花粉症 桃,4
,,花粉症 逆効果,4
,,花粉症 pop,4
,,花粉症 風邪,4
,,花粉症 スプレー,4
,,花粉症 宇都宮,4
,,花粉症 疲れる,4
,,花粉症 空気清浄機,4
,,花粉症 ブタクサ 市販薬,4
,,花粉症 薬 おすすめ,4
,,花粉症 薬 眠くならない,4
,,百合油 花粉症,4
,,花粉症 濡れマスク,4
,,花粉症 ゴーグル メガネの上から,4
,,花粉症 口の中が痒い 対処法,4
,,花粉症 ドリンク,4
,,花粉症 キャラクター,4
,,花粉症 ドテラ,4
,,花粉症 点鼻薬,4
,,花粉症 研究,4
,,花粉症 ベースメイク,4
,,花粉症 魚,4
,,花粉症 息苦しい,4
,,花粉症 正式名称,4
,,花粉症 化粧,4
,,花粉症 チョコレート,4
,,花粉症 データ,4
,,花粉症 飲み薬,4
,,花粉症 頭痛,4
,,花粉症 声枯れ,4
,,花粉症 nhk,4
,,花粉症 首の痛み,4
,,花粉症 病院,4
,,花粉症 歴史,4
,,花粉症 ガスマスク,4
,,花粉症 木材,4
,,花粉症 薬,4
,,花粉症 マツエク,4
,,花粉症 鼻水 色,4
,,花粉症 料理,4
,,花粉症 サングラス,4
,,花粉症 プレゼント 女性,4
,,花粉症 プレゼント 男性,4
,,花粉症 唇,4
,,花粉症 アレルギー検査,4
,,花粉症 ポスター,4
,,花粉症 写真,4
,,花粉症 水分,4
,,花粉症 予防 病院,4
,,花粉症 早期治療,4
,,花粉症 耳,4
,,花粉症 熱っぽい,4
,,花粉症 気持ち悪い,4
,,花粉症 不眠,4
,,花粉症 吸入器,4
,,花粉症 頭痛 眠気,4
,,花粉症 江戸時代,4
,,花粉症 葛根湯,4
,,花粉症 客室乗務員,4
,,花粉症 尿漏れ,4
,,花粉症 即効性,3
,,花粉症 涙,3
,,花粉症 づ痛,3
,,花粉症 麦茶,3
,,花粉症 喘息,3
,,花粉症 ぜんそく,3
,,花粉症 秋 咳,3
,,花粉症 受診,3
,,花粉症 病院 おすすめ,3
,,花粉症 入院,3
,,花粉症 厚生労働省,3
,,花粉症 高血圧 薬,3
,,花粉症 腰痛,3
,,花粉症 飴,3
,,花粉症 キャンディ,3
,,花粉症 原因 牛乳,3
,,花粉症 薬 牛乳,3
,,花粉症 牛乳,3
,,花粉症 経済損失,3
,,花粉症 点鼻薬 おすすめ,3
,,花粉症 ng 食べ物,3
,,花粉症 メカニズム,3
,,花粉症 口の中が痒い,3
,,花粉症 頭痛 対処法,3
,,花粉症 脈,3
,,花粉症 両鼻 づまり,3
,,花粉症 龍角散 のど飴,3
,,花粉症 目薬,3
,,花粉症 ポララミン 鼻づまり,3
,,花粉症 点眼,3
,,花粉症 ピーナッツ,3
,,花粉症 グルテンフリー,3
,,花粉症 受験,3
,,花粉症 熱出る,3
,,花粉症 行徳,3
,,花粉症 薬 逆効果,3
,,花粉症 流行マップ,3
,,花粉症 老人,3
,,花粉症 口の中,3
,,花粉症 病院 東京,3
,,花粉症 耳鳴り,3
,,花粉症 otc,3
,,花粉症 予防接種,3
,,花粉症 ポリフェノール,3
,,花粉症 寄生虫,3
,,花粉症 レベル,3
,,花粉症 チョコ,3
,,花粉症 フルーツ,3
,,花粉症 ランキング,3
,,花粉症 脱水,3
,,花粉症 魚介類,3
,,花粉症 注射 ノイロトロピン,3
,,花粉症 注射 ヒスタグロビン,3
,,花粉症 ツイッター,3
,,花粉症 即効性 市販薬,3
,,花粉症 クラリチン,3
,,花粉症 ビラノア,3
,,花粉症 薬 眠くなる,3
,,花粉症 京都,3
,,花粉症 蕁麻疹,3
,,花粉症 定義,3
,,花粉症 マスク 高級,3
,,花粉症 むくみ,3
,,花粉症 最新治療,3
,,花粉症 初期療法,3
,,花粉症 皮膚科 飲み薬,3
,,花粉症 錠剤,3
,,花粉症 治療薬,3
,,花粉症 アレルギー性鼻炎,3
,,花粉症 茶色い鼻水,3
,,花粉症 ペニシリン,3
,,花粉症 パブロン鼻炎カプセル,3
,,花粉症 リアルタイム,3
,,花粉症 放置,3
,,花粉症 検査,3
,,花粉症 テスト,3
,,花粉症 対策 病院,3
,,花粉症 韓国語,3
,,花粉症 フランス語,3
,,花粉症 ベポタスチン,3
,,花粉症 特効薬,3
,,花粉症 何科,3
,,花粉症 逆治療,3
,,花粉症 原理,3
,,花粉症 治療,3
,,花粉症 ピアス,3
,,花粉症 nhkスペシャル,3
,,花粉症 脱毛,3
,,みょうが 花粉症,3
,,花粉症 ベトナム語,3
,,花粉症 東洋医学,3
,,花粉症 薬 市販,3
,,花粉症 薬 病院,3
,,花粉症 吸入薬,3
,,花粉症 病院 何科,3
,,花粉症 咳 市販薬,3
,,花粉症 眠い,3
,,花粉症 パブロン,3
,,花粉症 はちみつ,3
,,花粉症 授乳中,3
,,花粉症 ペットボトル,3
,,花粉症 バナナ 効果,3
,,花粉症 アロマ,3
,,花粉症 頭痛 吐き気,3
,,花粉症 漢方,3
,,花粉症 咳 ヒューヒュー,3
,,花粉症 ユーカリ,3
,,花粉症 ボトックス 効果,3
,,花粉症 即効,2
,,花粉症 耳鼻科,2
,,花粉症 マヌカハニー,2
,,花粉症 バラ科,2
,,花粉症 対策 薬,2
,,花粉症 休暇,2
,,花粉症 根治,2
,,花粉症 対策 牛乳,2
,,花粉症 牛乳 改善,2
,,花粉症 牛乳 悪化,2
,,花粉症 dha epa,2
,,花粉症 ガイドライン,2
,,花粉症 サプリ,2
,,花粉症 手話,2
,,花粉症 便秘,2
,,花粉症 腸内環境 改善,2
,,花粉症 薬 強さ,2
,,花粉症 龍角散,2
,,花粉症 風邪薬,2
,,花粉症 レメディ,2
,,花粉症 ホメオパシー,2
,,花粉症 グルテン,2
,,花粉症 咳 痰,2
,,花粉症 目薬 ランキング,2
,,花粉症 ブロック注射,2
,,花粉症 ペンダント,2
,,花粉症 わさび,2
,,花粉症 タバコ,2
,,花粉症 尿,2
,,花粉症 リンパ,2
,,ヒュウガトウキ 花粉症,2
,,花粉症 腸内細菌,2
,,花粉症 化粧水,2
,,花粉症 腸内環境 嘘,2
,,花粉症 注射 東京,2
,,花粉症 茶,2
,,花粉症 お茶,2
,,花粉症 アレグラ,2
,,花粉症 デザレックス,2
,,花粉症 新薬,2
,,花粉症 強力な薬,2
,,花粉症 最新薬,2
,,花粉症 ペアコール,2
,,花粉症 型アレルギー,2
,,花粉症 防塵マスク,2
,,花粉症 別名,2
,,花粉症 うつ,2
,,花粉症 薬 副作用,2
,,花粉症 お灸,2
,,花粉症 ロイコトリエン,2
,,花粉症 蒸しタオル,2
,,花粉症 プレゼント,2
,,花粉症 プラズマクラスター,2
,,花粉症 パイロット,2
,,花粉症 果物,2
,,花粉症 早退,2
,,花粉症 咳 薬,2
,,花粉症 通院,2
,,花粉症 ヒューヒュー,2
,,花粉症 ティッシュ,2
,,花粉症 ペリアクチン,2
,,花粉症 乳製品,2
,,花粉症 コーヒー,2
,,花粉症 ローズヒップ,2
,,花粉症 ガイドライン 2018,2
,,花粉症 飲むヨーグルト,2
,,花粉症 レーザー,2
,,花粉症 喉 違和感,2
,,花粉症 べにふうき,2
,,花粉症 ゼスラン,2
,,花粉症 砂糖,2
,,花粉症 キャベツ,2
,,花粉症 病院 薬,2
,,花粉症 処方薬,2
,,花粉症 注射 千葉,2
,,花粉症 ジャニーズ,2
,,花粉症 ビタミンc,2
,,花粉症 チョコレート 悪化,2
,,花粉症 論文,2
,,花粉症 治った,2
,,花粉症 耳つぼ,2
,,花粉症 結膜炎,2
,,花粉症 pop フリー,2
,,nプラス 花粉症,2
,,花粉症 口の渇き,2
,,花粉症 肥満細胞,2
,,花粉症 バナナ アレルギー,2
,,花粉症 ルル,2
,,花粉症 パン,2
,,花粉症 精油,2
,,花粉症 エッセンシャルオイル,2
,,花粉症 リュウマチ,2
,,花粉症 ビタミン,2
,,花粉症 緑茶 効果,2
,,花粉症 療法,2
,,喉 ヒューヒュー 花粉症,2
,,花粉症 咳のみ,2
,,花粉症 老化,2
,,花粉症 ドライアイ,2
,,花粉症 栄養,2
,,花粉症 対策 飲み物,2
,,花粉症 じゃばらジャム,2
,,花粉症 米,2
,,花粉症 ワイン,2
,,花粉症 ボトックス,2
,,花粉症 脈診,2
,,花粉症 ロキソニン 効く,1
,,花粉症 梅,1
,,花粉症 ベジタリアン,1
,,花粉症 減感作療法 注射,1
,,花粉症 皮下注射,1
,,花粉症 ヒューマンエラー,1
,,花粉症 腸,1
,,花粉症 腸内環境,1
,,花粉症 卒論,1
,,花粉症 バファリン,1
,,花粉症 キャベジン,1
,,花粉症 痰,1
,,花粉症 プラセンタ,1
,,花粉症 ごぼう茶,1
,,花粉症 ぬか漬け,1
,,花粉症 きゅうり,1
,,花粉症 尿検査,1
,,花粉症 だるさ,1
,,花粉症 腸内フローラ,1
,,花粉症 注射,1
,,ミュージシャン 花粉症,1
,,花粉症 癌,1
,,花粉症 ロラタジン,1
,,花粉症 京都 病院,1
,,花粉症 治験,1
,,花粉症 薬 ザイザル,1
,,花粉症 ワクチン,1
,,花粉症 動悸,1
,,花粉症 茗荷谷,1
,,花粉症 茗荷谷 病院,1
,,花粉症 百度,1
,,花粉症 エキナセア,1
,,花粉症 問診票,1
,,花粉症 べにふうき 甜茶,1
,,花粉症 体質改善,1
,,花粉症 ヘルペス,1
,,花粉症 食物アレルギー,1
,,花粉症 労働生産性,1
,,花粉症 もやし,1
,,花粉症 雑誌,1
,,花粉症 二重,1
,,花粉症 ハーブ,1
,,花粉症 粘膜 レーザー,1
,,花粉症 フェキソフェナジン,1
,,花粉症 扁桃腺,1
,,花粉症 扁桃腺 痛い,1
,,花粉症 上咽頭炎,1
,,花粉症 ディレグラ,1
,,花粉症 ポケットティッシュ,1
,,花粉症 味がしない,1
,,花粉症 味覚,1
,,花粉症 胃痛,1
,,花粉症 キャッチコピー,1
,,花粉症 薬 名前,1
,,花粉症 鼻水 逆流,1
,,花粉症 乳酸菌 効果,1
,,花粉症 乳酸菌,1
,,花粉症 乳酸菌 おすすめ,1
,,花粉症 画像,1
,,花粉症 食事,1
,,花粉症 食べ物,1
,,花粉症 頭痛 ツボ,1
,,花粉症 眠気,1
,,花粉症 ジェネリック,1
,,花粉症 魚油,1
,,花粉症 薬 種類,1
,,花粉症 有効な食べ物,1
,,花粉症 頭痛薬 併用,1
,,花粉症 ペラック,1
,,花粉症 逆流性食道炎,1
,,花粉症 受診勧奨,1
,,花粉症 バナナ,1
,,花粉症 サウナ,1
,,花粉症 ものもらい,1
,,花粉症 評判 病院,1
,,花粉症 めまい,1
,,花粉症 ドーピング,1
,,花粉症 ジャスミン茶,1
,,花粉症 茶 べにふうき,1
,,花粉症 お茶 べにふうき,1
,,花粉症 ご飯,1
,,花粉症 れんこん,1
,,花粉症 レーザー手術,1
,,花粉症 胸焼け,1
,,花粉症 ペインクリニック,1
,,花粉症 ペパーミント,1
,,花粉症 費用,1
,,花粉症 ザイザル 市販,1
,,花粉症 大豆,1
,,花粉症 無気力,1
,,花粉症 nlp,1
,,花粉症 ミント,1
,,花粉症 ぶどう,1
,,花粉症 予防 食べ物,1
,,花粉症 ミョウバン,1
,,花粉症 だるい,1
,,花粉症 悪寒,1
,,花粉症 母乳,1
,,花粉症 緑茶,1
,,花粉症 茶カテキン,1
,,花粉症 茶葉,1
,,花粉症 ザイザル 効かない,1
,,花粉症 豆乳,1
,,花粉症 飲み物,1
,,花粉症 ルパフィン,1
,,花粉症 n95,1
,,花粉症 サプリ 乳酸菌,1
,,花粉症 流産,1
,,花粉症 プランルカスト,1
,,花粉症 ピクシブ,1
,,花粉症 イラスト,1
,,花粉症 筋肉痛,1
,,花粉症 後鼻漏,1
,,花粉症 龍角散 効果,1
,,花粉症 乳酸菌 カルピス,1
,,花粉症 評価,1
,,花粉症 ヒューストン,1
,,花粉症 後天性,1
,,花粉症 受容体,1
,,花粉症 ダニ,1
,,花粉症 病院 注射,1
,,花粉症 モンテルカスト,1
,,花粉症 紅茶,1
,,花粉症 じゃばら,1
,,花粉症 尿もれ,1
,,花粉症 断食,1
,,花粉症 牛糞,1
,,花粉症 憑依,1
,,花粉症 チャクラ,1
19,米・バナナ・バナナ 効果,,
,,花粉症 米,6
,,花粉症 バナナ,5
,,花粉症 バナナ 効果,4
,,花粉症 ぎょう虫,4
,,花粉症 腸内環境 嘘,3
,,花粉症 プランルカスト,3
,,花粉症 動物,2
,,花粉症 遺伝,2
,,花粉症 卒論,2
,,花粉症 ワクチン,2
,,花粉症 ランニング,2
,,花粉症 ジョギング,2
,,花粉症 寄生虫,2
,,花粉症 チョコ,2
,,花粉症 ワイン,2
,,花粉症 魚油,2
,,花粉症 チェック,1
,,花粉症 ピクシブ,1
,,花粉症 キャパ,1
,,花粉症 チョコレート 悪化,1
,,花粉症 チャート,1
,,花粉症 夜,1
,,花粉症 漫画,1
,,花粉症 トマト,1
,,花粉症 昔,1
,,花粉症 ギャグ,1
,,花粉症 予防接種,1
,,花粉症 論文,1
,,花粉症 英語 読み方,1
,,花粉症 ペアコール,1
,,花粉症 鼻水 薬,1
,,花粉症 味覚,1
,,花粉症 うつ,1
,,花粉症 モンテルカスト,1
,,花粉症 二重,1
,,花粉症 フェキソフェナジン,1
,,花粉症 腸内フローラ,1
,,花粉症 宇都宮,1
,,花粉症 新薬,1
,,花粉症 錠剤,1
,,花粉症 最新薬,1
,,花粉症 腸内環境,1
,,花粉症 ラクトフェリン,1
,,ピュアシナジー 花粉症,1
,,花粉症 キャパシティ,1
,,花粉症 治験,1
,,花粉症 チョコレート,1
,,花粉症 飴,1
,,花粉症 疑惑,1
,,花粉症 ご飯,1
,,花粉症 を治す方法,1
,,花粉症 治す,1
,,花粉症 れんこん,1
,,花粉症 わさび,1
,,花粉症 雑誌,1
,,花粉症 料理,1
,,花粉症 ルル,1
,,花粉症 ティッシュ,1
,,花粉症 量,1
,,花粉症 乳製品,1
,,花粉症 着床,1
,,花粉症 ヨーグルト,1
,,花粉症 ランキング,1
,,花粉症 ゾレア,1
,,花粉症 逆療法,1
,,花粉症 砂糖,1
,,花粉症 行政訴訟,1
,,ミュンヘン 花粉症,1
,,花粉症 レメディ,1
,,花粉症 ホメオパシー,1
,,花粉症 マスクメロン,1
,,花粉症 リュウマチ,1
,,花粉症 コーヒー,1
,,花粉症 飲み物,1
,,花粉症 アナフィラキシー,1
,,花粉症 肥満細胞,1
,,花粉症 型アレルギー,1
20,ハーブ・ローズヒップ・レシピ,,
,,花粉症 ハーブ,8
,,花粉症 ローズヒップ,4
,,花粉症 レシピ,4
,,花粉症 龍角散 のど飴,4
,,花粉症 ジャスミン茶,4
,,花粉症 サウナ,3
,,花粉症 エキナセア,3
,,花粉症 ペパーミント,3
,,ギャバ 花粉症,3
,,花粉症 韓国語,2
,,花粉症 お灸,2
,,花粉症 むくみ,2
,,花粉症 ごぼう茶,2
,,花粉症 牛肉,2
,,花粉症 ルイボスティー 飲み方,2
,,花粉症 ルイボス,2
,,花粉症 デトックス,2
,,花粉症 乳酸菌 カルピス,2
,,花粉症 マヌカハニー,2
,,花粉症 むずむず,2
,,花粉症 わさび,2
,,花粉症 ミョウバン,2
,,花粉症 キャベジン,2
,,ミュージシャン 花粉症,2
,,花粉症 キャベツ,2
,,花粉症 れんこん,2
,,花粉症 ベジタリアン,2
,,みょうが 花粉症,2
,,花粉症 キャンディ,2
,,花粉症 ペンダント,2
,,花粉症 化粧水,2
,,花粉症 ドテラ,2
,,花粉症 腰痛,1
,,花粉症 ワイン,1
,,花粉症 辛いもの,1
,,花粉症 腸,1
,,花粉症 ランキング,1
,,花粉症 牛糞,1
,,花粉症 効く,1
,,花粉症 速報,1
,,花粉症 乳酸菌 おすすめ,1
,,花粉症 シャンプー,1
,,花粉症 プロテイン,1
,,花粉症 サングラス,1
,,花粉症 茗荷谷,1
,,花粉症 どうにかしたい,1
,,花粉症 pop フリー,1
,,花粉症 イラスト,1
,,花粉症 防塵マスク,1
,,花粉症 温める,1
,,花粉症 無気力,1
,,花粉症 きゅうり,1
,,花粉症 耳つぼ,1
,,花粉症 ドリンク,1
,,花粉症 ビューラー,1
,,花粉症 チョコ,1
,,花粉症 チョコレート,1
,,花粉症 ヨーグルト,1
,,花粉症 チャイ,1
,,花粉症 パイナップル,1
,,花粉症 冬,1
,,花粉症 冬場,1
,,花粉症 女子,1
,,花粉症 老人,1
,,花粉症 nk細胞,1
,,花粉症 癌,1
,,花粉症 ぬか漬け,1
,,花粉症 ぺニス,1
,,花粉症 ポリフェノール,1
,,花粉症 馬油,1
,,花粉症 龍角散,1
,,花粉症 ng 食べ物,1
,,花粉症 dha,1
,,花粉症 キャンペーン,1
,,花粉症 もやし,1
,,花粉症 点滴,1
,,花粉症 サプリ 乳酸菌,1
,,花粉症 飲むヨーグルト,1
,,花粉症 プレゼント 女性,1
,,花粉症 プレゼント 男性,1
,,花粉症 プレゼント,1
,,花粉症 ビタミンc,1
,,花粉症 ビタミン,1
,,花粉症 酒,1
,,花粉症 酒 悪化,1
,,花粉症 べにふうき 甜茶,1
,,花粉症 プロポリス,1
,,花粉症 化粧,1
,,花粉症 ドイツ語,1
,,ヒュウガトウキ 花粉症,1
,,花粉症 対策 牛乳,1
,,花粉症 龍角散 効果,1
,,ピュアシナジー 花粉症,1
,,花粉症 食事,1
,,花粉症 ご飯,1
,,花粉症 予防 食べ物,1
,,花粉症 食べ物,1
,,花粉症 江戸時代,1
,,花粉症 栄養,1
,,花粉症 牛舎,1
,,花粉症 ワセリン 副作用,1
21,デトックス・登山・老化,,
,,花粉症 デトックス,2
,,花粉症 登山,2
,,花粉症 老化,2
,,花粉症 パレオな男,2
,,花粉症 体質改善,1
,,花粉症 改善,1
,,花粉症 治った,1
,,花粉症 雨の日,1
,,花粉症 食物アレルギー,1
,,花粉症 偏頭痛,1
,,花粉症 蕁麻疹,1
,,花粉症 キャベツ,1
,,花粉症 下痢,1
,,花粉症 抜け毛,1
,,花粉症 頭痛 対処法,1
,,花粉症 楽になる方法,1
,,花粉症 だるい,1
,,花粉症 眠い,1
,,花粉症 上咽頭炎,1
,,花粉症 断食,1
,,花粉症 腰痛,1
,,花粉症 うつ,1
,,花粉症 癌,1
,,花粉症 塗り薬 ランキング,1
,,花粉症 ランキング,1
,,花粉症 メガネ,1
,,花粉症 症状 秋,1
,,花粉症 きゅうり,1
,,花粉症 秋 咳,1
,,花粉症 pop,1
,,花粉症 治し方,1
,,花粉症 砂糖,1
,,花粉症 鼻 づまり,1
,,花粉症 鼻づまり,1
,,花粉症 鼻 づまり 解消,1
,,花粉症 目薬 ランキング,1
,,花粉症 ランニング,1
,,花粉症 ジョギング,1
,,花粉症 ペインクリニック,1
,,花粉症 薬 おすすめ,1
,,花粉症 ガイドライン,1
,,花粉症 世界,1
,,花粉症 流行マップ,1
,,花粉症 口呼吸,1
,,花粉症 ぜんそく,1
,,花粉症 レシピ,1
,,花粉症 雑誌,1
,,花粉症 ぶどう,1
,,花粉症 目,1
,,花粉症 コンタクト,1
,,花粉症 メカニズム,1
,,花粉症 眼科,1
,,花粉症 病気,1
,,花粉症 熱,1
,,花粉症 影響,1
,,花粉症 遺伝,1
,,花粉症 日本,1
,,花粉症 沖縄,1
,,花粉症 サングラス,1
22,ティッシュ・今日 ひどい・表現,,
,,花粉症 ティッシュ,2
,,花粉症 今日 ひどい,2
,,花粉症 表現,2
,,花粉症 ポケットティッシュ,2
,,花粉症 百度,1
,,花粉症 車,1
,,花粉症 空気清浄機,1
,,花粉症 撲滅,1
,,花粉症 写真,1
,,花粉症 スギ,1
,,花粉症 対策,1
,,花粉症 原因,1
,,花粉症 日本人 割合,1
,,花粉症 割合 日本人,1
,,花粉症 乳酸菌 カルピス,1
,,花粉症 サプリ 乳酸菌,1
,,花粉症 咳 ヒューヒュー,1
,,花粉症 モーニングアタック,1
,,花粉症 マスク 逆効果,1
,,花粉症 布団,1
,,花粉症 逆効果,1
,,花粉症 お灸,1
,,花粉症 英語,1
,,花粉症 今日 東京,1
,,花粉症 パンフレット,1
,,花粉症 画像,1
,,花粉症 流行 なぜ,1
,,花粉症 熱っぽい,1
,,花粉症 英語 読み方,1
,,花粉症 精油,1
,,花粉症 動悸,1
,,妙蓮寺 花粉症,1
,,花粉症 ミュゼ,1
,,花粉症 漫画,1
,,花粉症 牛舎,1
23,スプレー・マスク 高級・ドライアイ,,
,,花粉症 スプレー,3
,,花粉症 マスク 高級,3
,,花粉症 ドライアイ,3
,,花粉症 龍角散 のど飴,3
,,花粉症 今日 ひどい ツイッター,3
,,花粉症 ピュアサプライ,3
,,花粉症 早退,2
,,花粉症 レメディ,2
,,花粉症 チョコレート,2
,,花粉症 精油,2
,,花粉症 エッセンシャルオイル,2
,,花粉症 茶 べにふうき,2
,,花粉症 お茶 べにふうき,2
,,花粉症 サングラス,2
,,花粉症 塗るマスク,2
,,花粉症 対策 鼻,2
,,花粉症 塗り薬,2
,,花粉症 塗り薬 フマキラー,2
,,花粉症 乳酸菌 カルピス,2
,,花粉症 ワイン,2
,,花粉症 n95,2
,,花粉症 防塵マスク,2
,,花粉症 ゴーグル メガネの上から,2
,,花粉症 キャラクター,2
,,花粉症 茶葉,2
,,花粉症 入浴,2
,,花粉症 ツイッター,2
,,花粉症 マツエク,2
,,花粉症 麦茶,2
,,花粉症 ワセリン,2
,,花粉症 プラズマクラスター,2
,,花粉症 ペラック,2
,,花粉症 グッズ,2
,,花粉症 プロテイン,2
,,花粉症 グルテンフリー,2
,,花粉症 イラスト,1
,,花粉症 砂糖,1
,,花粉症 皮膚炎,1
,,花粉症 食物アレルギー,1
,,花粉症 頭痛だけ,1
,,花粉症 腸内環境 嘘,1
,,花粉症 腸内環境,1
,,花粉症 腸,1
,,花粉症 腸内細菌,1
,,花粉症 腸内フローラ,1
,,花粉症 本,1
,,花粉症 ホメオパシー,1
,,花粉症 nhkスペシャル,1
,,花粉症 nhk,1
,,花粉症 病気,1
,,花粉症 現代病,1
,,花粉症 ビタミン,1
,,花粉症 パン,1
,,花粉症 アロマ,1
,,花粉症 ユーカリ ティーツリー,1
,,花粉症 キャンディ,1
,,花粉症 飴,1
,,花粉症 ユーカリ,1
,,花粉症 エキナセア,1
,,花粉症 空気清浄機,1
,,花粉症 化粧水,1
,,花粉症 乳酸菌,1
,,花粉症 サプリ 乳酸菌,1
,,花粉症 乳酸菌 おすすめ,1
,,花粉症 乳酸菌 種類,1
,,花粉症 評価,1
,,花粉症 ドイツ語,1
,,花粉症 飲むヨーグルト,1
,,花粉症 対策 飲み物,1
,,花粉症 ティッシュ,1
,,花粉症 涙,1
,,花粉症 濡れマスク,1
,,花粉症 ハーブ,1
,,花粉症 マヌカハニー,1
,,花粉症 むずむず,1
,,花粉症 モーニングアタック,1
,,花粉症 夜,1
,,花粉症 ガスマスク,1
,,花粉症 じゃばら,1
,,花粉症 じゃばら 効果,1
,,花粉症 バイク,1
,,花粉症 べにふうき 甜茶,1
,,花粉症 パイロット,1
,,花粉症 プロポリス,1
,,花粉症 ペット,1
,,花粉症 ポケットティッシュ,1
,,花粉症 龍角散 効果,1
,,花粉症 ジョギング,1
,,ピュアシナジー 花粉症,1
,,花粉症 雨,1
,,花粉症 うざい,1
,,花粉症 ひどい,1
,,花粉症 北陸,1
,,花粉症 最近,1
,,花粉症 今日,1
,,花粉症 今日 大阪,1
,,花粉症 今日 種類,1
,,花粉症 今日 ひどい,1
,,花粉症 今日 東京,1
,,花粉症 もう飛んでる,1
,,花粉症 本日,1
,,花粉症 キンモクセイ,1
,,花粉症 サウナ,1
,,花粉症 辛い,1
,,花粉症 辛さ,1
,,花粉症 点鼻薬 アラミスト,1
,,花粉症 治った,1
,,花粉症 年中,1
,,花粉症 併発,1
,,花粉症 モンテルカスト,1
,,花粉症 ルパフィン,1
,,花粉症 疑惑,1
,,花粉症 ごぼう茶,1
,,花粉症 ゴーグル ダイソー,1
,,花粉症 ザイザル 効かない,1
,,花粉症 ザイザル,1
,,花粉症 ザイザル 飲み方,1
,,花粉症 ザイザル 市販,1
,,花粉症 頭痛薬 併用,1
,,花粉症 デザレックス,1
,,花粉症 ディレグラ,1
,,花粉症 デビュー,1
,,花粉症 電車の中,1
,,花粉症 バイト,1
,,花粉症 ビラノア,1
,,花粉症 パブロン,1
,,花粉症 パブロン鼻炎カプセル,1
,,花粉症 パタノール,1
,,花粉症 プレゼント,1
,,花粉症 ペットボトル,1
,,花粉症 ぺニス,1
,,花粉症 ポララミン,1
,,花粉症 キャンペーン,1
,,花粉症 チャイ,1
,,花粉症 ジャスミン茶,1
,,花粉症 じゃばらジャム,1
,,花粉症 ビューラー,1
,,花粉症 ドリンク,1
,,花粉症 後鼻漏,1
,,花粉症 馬油,1
,,花粉症 べにふうき,1
,,花粉症 茶カテキン,1
,,花粉症 ドテラ,1
,,花粉症 マスク,1
,,花粉症 ワセリン 副作用,1
,,花粉症 尿漏れ,1
,,花粉症 尿もれ,1
,,花粉症 ミント,1
,,花粉症 吸入器,1
,,花粉症 洗濯物,1
,,花粉症 ペンダント,1
,,花粉症 リュウマチ,1
,,花粉症 ミョウバン,1
,,花粉症 耳つぼ,1
,,花粉症 割合 2018,1
,,花粉症 画像,1
,,花粉症 データ,1
,,花粉症 対策,1
,,花粉症 登山,1
,,花粉症 ポスター 厚生労働省,1
,,花粉症 写真,1
,,花粉症 ガイドライン,1
,,花粉症 行政,1
,,花粉症 とは,1
,,花粉症 定義,1
,,花粉症 頭痛 対策,1
,,花粉症 パンフレット,1
,,花粉症 ポスター,1
,,花粉症 グラフ,1
,,花粉症 表現,1
,,花粉症 別名,1
,,花粉症 行政 対策,1
,,花粉症 統計,1
,,花粉症 づ痛,1
,,花粉症 研究,1
,,花粉症 厚生労働省,1
,,花粉症 歴史,1
,,花粉症 老人,1
,,花粉症 ガイドライン 2018,1
,,花粉症 布団,1
,,花粉症 ムーンライト,1
,,花粉症 チャクラ,1
,,花粉症 偏頭痛,1
,,花粉症 目薬 コンタクト,1
,,花粉症 見分け,1
,,花粉症 龍角散,1
,,花粉症 乳製品,1
,,花粉症 魚,1
,,花粉症 パイナップル,1
,,花粉症 お灸,1
,,花粉症 造影剤,1
,,花粉症 母乳,1
,,花粉症 ローズヒップ,1
,,花粉症 ほこり,1
,,花粉症 フランス語,1
,,花粉症 顔がかゆい,1
,,花粉症 スキンケア,1
,,花粉症 流行マップ,1
,,花粉症 パレオな男,1
24,イラスト・英語 読み方・ベトナム語,,
,,花粉症 イラスト,2
,,花粉症 英語 読み方,2
,,花粉症 ベトナム語,2
,,花粉症 サングラス,2
,,花粉症 nhkスペシャル,1
,,花粉症 現代病,1
,,花粉症 乳酸菌 カルピス,1
,,花粉症 最新治療,1
,,花粉症 今日 東京,1
,,花粉症 緑茶,1
,,花粉症 お茶 べにふうき,1
,,花粉症 添加物,1
,,花粉症 英語,1
,,花粉症 を英語で,1
,,花粉症 略語,1
,,花粉症 表現,1
,,花粉症 ゴーグル,1
,,花粉症 ピュアサプライ,1
,,花粉症 ぎょう虫,1
,,花粉症 ペパーミント,1
,,花粉症 ミョウバン,1
,,花粉症 通院,1
,,花粉症 精油,1
,,花粉症 行政,1
,,花粉症 江戸時代,1
,,花粉症 パブロン,1
,,花粉症 パブロン鼻炎カプセル,1
,,花粉症 沖縄,1
,,花粉症 百科,1
,,花粉症 キャベジン,1
,,花粉症 ペラック,1
,,花粉症 ホメオパシー,1
,,花粉症 治験,1
,,花粉症 スギ,1
,,花粉症 免疫療法,1
,,花粉症 ガイドライン,1
,,花粉症 療法,1
,,花粉症 ガイドライン 2018,1
25,ユリ・百合の花 花粉症・ヒューストン,,
,,花粉症 ユリ,2
,,百合の花 花粉症,2
,,花粉症 ヒューストン,2
,,花粉症 薬 眠くなる,1
,,みょうが 花粉症,1
,,花粉症 中国語,1
,,花粉症 塗るマスク,1
,,花粉症 ワセリン 鼻 塗り方,1
,,花粉症 nhkスペシャル,1
,,花粉症 ワセリン,1
,,花粉症 対策 鼻,1
,,花粉症 ワセリン 副作用,1
,,花粉症 塗り薬,1
,,花粉症 パンフレット,1
,,花粉症 効く,1
,,花粉症 塗り薬 ランキング,1
,,花粉症 ペアコール,1
,,花粉症 フェキソフェナジン,1
,,花粉症 コンタクト,1
,,花粉症 外国人,1
,,花粉症 首の痛み,1
,,花粉症 胸焼け,1
,,花粉症 尿意,1
,,花粉症 略語,1
,,花粉症 梅,1
,,花粉症 馬油,1
,,花粉症 海外,1
,,花粉症 化粧水,1
,,花粉症 出現期間,1
,,花粉症 受容体,1
,,花粉症 メカニズム,1
,,花粉症 ヒューマンエラー,1
,,花粉症 憑依,1
,,花粉症 頭痛 吐き気,1
,,花粉症 今日 ひどい ツイッター,1
26,ピクシブ・ボトックス・略語,,
,,花粉症 ピクシブ,4
,,花粉症 ボトックス,3
,,花粉症 略語,2
,,花粉症 画像,2
,,みょうが 花粉症,2
,,花粉症 妙典,2
,,花粉症 ベポタスチン,2
,,花粉症 論文,2
,,花粉症 プロポリス,2
,,花粉症 を英語で,1
,,花粉症 英語,1
,,花粉症 漫画,1
,,花粉症 イラスト,1
,,花粉症 パイロット,1
,,花粉症 百合,1
,,日向翔陽 花粉症,1
,,花粉症 ボトックス 効果,1
,,花粉症 病院 妙典,1
,,花粉症 ゾレア,1
,,花粉症 ペインクリニック,1
,,花粉症 味覚,1
,,花粉症 睡眠,1
,,花粉症 耳鼻科,1
,,花粉症 トマト,1
,,花粉症 労働生産性,1
,,花粉症 老人,1
,,花粉症 塗り薬 目,1
,,花粉症 濡れタオル,1
,,花粉症 宇都宮,1
,,花粉症 ドライアイ,1
,,花粉症 牛糞,1
,,花粉症 百科,1
,,花粉症 wiki,1
,,花粉症 病院 おすすめ,1
,,花粉症 全身だるい,1
,,花粉症 頭痛 吐き気,1
,,花粉症 出産,1
,,花粉症 中国語,1
,,花粉症 キャパシティ,1
,,花粉症 リュウマチ,1
,,花粉症 めまい,1
,,花粉症 nk細胞,1
,,花粉症 パン,1
,,花粉症 ワクチン,1
,,花粉症 腸内環境 嘘,1
,,花粉症 症状 咳,1
,,花粉症 秋 咳,1
,,花粉症 力が入らない,1
,,花粉症 今日 ひどい ツイッター,1
,,花粉症 治験,1
,,花粉症 プレゼント,1
,,花粉症 原理,1
,,花粉症 尿蛋白,1
,,花粉症 中国,1
,,花粉症 魚,1
,,花粉症 料理,1
,,花粉症 第一選択薬,1
,,花粉症 喘息,1
,,花粉症 ぜんそく,1
,,花粉症 ng,1
,,花粉症 遺伝する,1
,,花粉症 遺伝,1
,,花粉症 乳酸菌 カルピス,1
,,花粉症 ジャニーズ,1
,,花粉症 掃除機,1
,,花粉症 掃除,1
,,花粉症 不眠,1
,,花粉症 兵庫県,1
,,花粉症 耳だれ,1
,,花粉症 ルイボス,1
,,花粉症 どうにかしたい,1
,,花粉症 ラジオ波治療,1
27,ビューラー・マツエク・ティッシュ,,
,,花粉症 ビューラー,3
,,花粉症 マツエク,3
,,花粉症 ティッシュ,2
,,花粉症 ユーカリ,2
,,花粉症 ピクシブ,2
,,ミュージシャン 花粉症,2
,,日向翔陽 花粉症,2
,,花粉症 中国語,1
,,花粉症 対策 飲み物,1
,,花粉症 筋肉痛,1
,,花粉症 首の痛み,1
,,花粉症 腰痛,1
,,花粉症 英語 読み方,1
,,花粉症 を英語で,1
,,花粉症 英語,1
,,花粉症 略語,1
,,花粉症 サウナ,1
,,花粉症 お灸,1
,,花粉症 目薬 逆効果,1
,,花粉症 精油,1
,,花粉症 エッセンシャルオイル,1
,,百日咳 花粉症,1
,,花粉症 モンテルカスト,1
,,花粉症 ガイドライン,1
,,花粉症 型アレルギー,1
,,花粉症 フェキソフェナジン,1
,,花粉症 京都 病院,1
,,花粉症 尿療法,1
,,花粉症 尿路結石,1
,,花粉症 プレドニン,1
,,花粉症 ステロイド,1
,,花粉症 ポケットティッシュ,1
,,花粉症 草,1
,,花粉症 ゾレア,1
,,花粉症 nlp,1
,,花粉症 表,1
,,花粉症 病院 東京,1
,,花粉症 論文,1
,,花粉症 研究,1
,,ミャンマー 花粉症,1
,,花粉症 動画,1
,,花粉症 秋 咳,1
,,花粉症 ミュゼ,1
,,ピュアシナジー 花粉症,1
,,花粉症 脈診,1
,,花粉症 ヒューマンエラー,1
,,花粉症 酒,1
28,うつ・尿・脱毛,,
,,花粉症 うつ,2
,,花粉症 尿,2
,,花粉症 脱毛,2
,,花粉症 尿潜血,2
,,花粉症 茗荷谷,2
,,花粉症 百度,2
,,花粉症 原因 牛乳,1
,,花粉症 女子,1
,,花粉症 百度百科,1
,,花粉症 病院 妙典,1
,,花粉症 行徳,1
,,花粉症 プランルカスト,1
,,花粉症 ユリ,1
,,花粉症 セイタカアワダチソウ,1
,,日向翔陽 花粉症,1
,,花粉症 茗荷谷 病院,1
,,花粉症 お酒,1
,,花粉症 対策 飲み物,1
,,花粉症 酒,1
,,花粉症 ドリンク,1
,,花粉症 飲み物,1
,,花粉症 ギャグ,1
,,花粉症 ポルトガル語,1
29,じゃばら 効果・じゃばら・茶カテキン,,
,,花粉症 じゃばら 効果,10
,,花粉症 じゃばら,9
,,花粉症 茶カテキン,6
,,花粉症 べにふうき,6
,,花粉症 じゃばらジャム,4
,,花粉症 茶 べにふうき,4
,,花粉症 お茶 べにふうき,4
,,花粉症 緑茶,4
,,花粉症 歴史,3
,,花粉症 緑茶 効果,3
,,花粉症 茶,3
,,花粉症 茶葉,3
,,花粉症 お茶,3
,,花粉症 ヒューマンエラー,2
,,花粉症 後鼻漏,2
,,花粉症 初期療法,2
,,花粉症 受容体,2
,,花粉症 飴,2
,,花粉症 ヒスタミン,2
,,花粉症 肥満細胞,1
,,花粉症 逆治療,1
,,花粉症 評価,1
,,花粉症 ラテックスアレルギー,1
,,花粉症 ロラタジン,1
,,花粉症 即効,1
,,花粉症 ぎょう虫,1
,,花粉症 魚介類,1
,,花粉症 海外,1
,,花粉症 外国人,1
,,花粉症 dha,1
,,花粉症 dha epa,1
,,花粉症 nk細胞,1
,,花粉症 乳児,1
,,花粉症 皮下注射,1
,,花粉症 プランルカスト,1
,,花粉症 出現期間,1
,,花粉症 紅茶,1
,,花粉症 声枯れる,1
,,花粉症 声が枯れる,1
,,花粉症 びゃっこかにんじんとう,1
,,ビャクシン 花粉症,1
,,花粉症 注射 ヒスタグロビン,1
,,花粉症 造影剤,1
,,花粉症 重度,1
,,花粉症 喉,1
,,花粉症 のど,1
,,花粉症 表年,1
,,花粉症 アナフィラキシー,1
,,花粉症 ガイドライン,1
,,花粉症 第一選択薬,1
,,花粉症 腸内環境 嘘,1
,,牛車腎気丸 花粉症,1
,,花粉症 国民病,1
,,花粉症 世界,1
,,花粉症 桃,1
,,花粉症 対処法,1
,,花粉症 乳酸菌 効果,1
,,花粉症 乳酸菌,1
,,花粉症 入浴,1
,,花粉症 ige,1
,,花粉症 ロイコトリエン,1
,,花粉症 ワクチン,1
,,花粉症 早退,1
,,花粉症 はちみつ,1
,,抗アレルギー薬 花粉症 を比較してみました。,1
,,花粉症 倦怠感,1
,,花粉症 豆乳,1
,,花粉症 論文,1
,,花粉症 ルイボスティー 飲み方,1
,,花粉症 料理,1
,,花粉症 効く,1
,,花粉症 ドリンク,1
,,花粉症 ブタクサ 対策,1
,,花粉症 麦茶,1
,,花粉症 兵庫県,1
,,花粉症 べにふうき 甜茶,1
,,花粉症 二重,1
30,濡れマスク・バイト・水分,,
,,花粉症 濡れマスク,2
,,花粉症 バイト,2
,,花粉症 水分,2
,,花粉症 放置,2
,,花粉症 芸能人,2
,,花粉症 料理,2
,,花粉症 うつる,2
,,花粉症 病院 妙典,2
,,花粉症 妙典,2
,,花粉症 ぼーっとする,2
,,花粉症 雨の日,2
,,花粉症 バラ科,2
,,花粉症 外国人,2
,,花粉症 沖縄,2
,,妙蓮寺 花粉症,2
,,花粉症 モーニングアタック,2
,,花粉症 百科,1
,,花粉症 辛いもの,1
,,花粉症 勉強できない,1
,,花粉症 辛さ,1
,,花粉症 辛い,1
,,花粉症 うざい,1
,,花粉症 わからない,1
,,花粉症 宇都宮,1
,,花粉症 ひどい,1
,,花粉症 酒 悪化,1
,,花粉症 アレルギー,1
,,花粉症 急に治る,1
,,花粉症 砂糖,1
,,花粉症 力が入らない,1
,,花粉症 治った,1
,,花粉症 顔がかゆい,1
,,花粉症 添加物,1
,,花粉症 治したい,1
,,花粉症 薬 逆効果,1
,,花粉症 治す,1
,,花粉症 頭皮,1
,,花粉症 治し方,1
,,花粉症 ステロイド,1
,,花粉症 完治,1
,,花粉症 急に,1
,,花粉症 逆治療,1
,,花粉症 運動,1
,,花粉症 サウナ,1
,,花粉症 唇,1
,,花粉症 有効な食べ物,1
,,花粉症 を治す方法,1
,,花粉症 温める,1
,,花粉症 ブログ,1
,,花粉症 チョコレート 悪化,1
,,花粉症 逆療法,1
,,花粉症 後天性,1
,,花粉症 シャンプー,1
,,花粉症 現代病,1
,,花粉症 治る,1
,,花粉症 病気,1
,,花粉症 酒,1
,,花粉症 皮膚炎,1
,,花粉症 逆効果,1
,,花粉症 レシピ,1
,,花粉症 予防 食べ物,1
,,花粉症 食べ物,1
,,花粉症 入院,1
,,花粉症 病院,1
,,花粉症 鼻づまり,1
,,花粉症 電車の中,1
,,花粉症 味がしない,1
,,花粉症 気持ち悪い,1
,,花粉症 どこの病院,1
,,花粉症 手術 効果,1
,,花粉症 保険,1
,,花粉症 具合悪い,1
,,花粉症 鼻 づまり,1
,,花粉症 両鼻 づまり,1
,,花粉症 手術,1
,,花粉症 費用,1
,,花粉症 検査,1
,,花粉症 注射 費用,1
,,花粉症 検査 費用,1
,,花粉症 雨の日 ひどい,1
,,花粉症 年中,1
,,花粉症 妊婦,1
,,花粉症 流行時期,1
,,花粉症 出現期間,1
,,花粉症 民間療法,1
,,花粉症 尿の色,1
,,花粉症 点滴,1
,,花粉症 海外,1
,,花粉症 断食,1
,,花粉症 パン,1
,,花粉症 昔は無かった,1
,,花粉症 北海道 時期,1
,,花粉症 バラ科アレルギー,1
,,花粉症 桃,1
,,花粉症 りんご,1
,,花粉症 ぶどう,1
,,花粉症 大豆,1
,,花粉症 北海道,1
,,花粉症 でも大丈夫な花,1
,,花粉症 今日,1
,,花粉症 ツイッター,1
,,花粉症 今日 ひどい,1
,,花粉症 リアルタイム,1
,,花粉症 客室乗務員,1
,,花粉症 授乳中,1
,,花粉症 ヒューマンエラー,1
,,花粉症 憑依,1
,,花粉症 舌禍治療 いつから,1
,,花粉症 チャクラ,1
,,日向翔陽 花粉症,1
,,ミュージシャン 花粉症,1
,,花粉症 留学,1
,,花粉症 ジャニーズ,1
,,花粉症 休暇,1
,,花粉症 ビューラー,1
,,花粉症 受験,1
,,花粉症 ベースメイク,1
,,花粉症 腸内環境 改善,1
,,花粉症 エバステル,1
,,花粉症 ビラノア,1
,,花粉症 何科,1
,,ミャンマー 花粉症,1
,,ヒュウガトウキ 花粉症,1
,,花粉症 ギャグ,1
,,花粉症 ピクシブ,1
,,花粉症 馬油,1
,,花粉症 ドイツ語,1
,,百合油 花粉症,1
,,花粉症 ヲシテ文字,1
,,花粉症 今日 ひどい ツイッター,1
,,花粉症 ワセリン,1
,,花粉症 ワセリン 鼻 塗り方,1
,,花粉症 飲み物,1
,,花粉症 ドリンク,1
,,花粉症 対策 飲み物,1
,,花粉症 nhkスペシャル,1
,,花粉症 注射 いつから,1
,,花粉症 キンモクセイ,1
,,花粉症 鼻血,1
,,花粉症 漫画,1
,,花粉症 肌荒れ,1
,,花粉症 牛糞,1
,,花粉症 レベル,1
,,花粉症 レベル6,1
,,花粉症 nlp,1
,,花粉症 wiki,1
,,花粉症 じんましん,1
,,花粉症 ピーナッツ,1
,,花粉症 ドテラ,1
,,花粉症 手荒れ,1
,,花粉症 牛肉,1
,,花粉症 れんこん,1
,,花粉症 百均,1
31,木材・利権・撲滅,,
,,花粉症 木材,7
,,花粉症 利権,7
,,花粉症 撲滅,7
,,花粉症 行政訴訟,6
,,花粉症 経済損失,5
,,花粉症 訴訟,5
,,花粉症 行政,3
,,花粉症 行政 対策,3
,,花粉症 なぜ,3
,,花粉症 マスク,3
,,花粉症 外国人,3
,,花粉症 セイタカアワダチソウ,3
,,花粉症 英語 読み方,2
,,花粉症 表情,2
,,花粉症 npo,2
,,ミャンマー 花粉症,2
,,花粉症 マスク おすすめ,2
,,花粉症 海外,2
,,花粉症 日本だけ,2
,,花粉症 登山,2
,,花粉症 中国,2
,,花粉症 標高,2
,,花粉症 キャンペーン,2
,,花粉症 キャパシティ,2
,,花粉症 受験,2
,,花粉症 気管支炎,2
,,花粉症 ススキ,2
,,花粉症 中国語,1
,,花粉症 無気力,1
,,花粉症 老化,1
,,花粉症 口内炎,1
,,花粉症 テスト,1
,,花粉症 辛い,1
,,花粉症 パレオな男,1
,,花粉症 理由,1
,,花粉症 放置,1
,,花粉症 マスク 逆効果,1
,,花粉症 キャッチコピー,1
,,花粉症 即効,1
,,花粉症 タバコ,1
,,花粉症 統計,1
,,花粉症 ティッシュ,1
,,花粉症 ポケットティッシュ,1
,,花粉症 韓国語,1
,,花粉症 原理,1
,,花粉症 水分,1
,,花粉症 論文,1
,,花粉症 年間,1
,,花粉症 量,1
,,花粉症 マスク 高級,1
,,花粉症 本,1
,,花粉症 咳のみ,1
,,花粉症 新薬,1
,,花粉症 特効薬,1
,,花粉症 治療薬,1
,,花粉症 根治,1
,,花粉症 最新薬,1
,,花粉症 最新治療,1
,,花粉症 最新,1
,,花粉症 江戸時代,1
,,花粉症 昔は無かった,1
,,花粉症 うざい,1
,,花粉症 化粧,1
,,花粉症 電車の中,1
,,花粉症 点鼻薬 アラミスト,1
,,花粉症 雑学,1
,,花粉症 薬 いつから飲む,1
,,花粉症 病院 いつ,1
,,花粉症 通院 いつから,1
,,花粉症 風邪,1
,,nプラス 花粉症,1
,,花粉症 有病率 都道府県,1
,,抗アレルギー薬 花粉症 を比較してみました。,1
,,花粉症 ピロリ菌,1
,,花粉症 割合 2018,1
,,花粉症 牛糞,1
,,花粉症 プール,1
,,花粉症 治った,1
,,花粉症 車,1
,,花粉症 キャパ,1
,,花粉症 バイト,1
,,花粉症 百度,1
,,花粉症 防塵マスク,1
,,花粉症 緑茶 効果,1
,,花粉症 紅茶,1
,,花粉症 wiki,1
,,花粉症 ギャグ,1
,,花粉症 動画,1
,,花粉症 pop,1
,,花粉症 流行 なぜ,1
,,花粉症 労働生産性,1
,,花粉症 費用,1
,,花粉症 エバステル,1
,,花粉症 ペラック,1
,,花粉症 偏頭痛,1
,,花粉症 百度百科,1
,,花粉症 ベジタリアン,1
,,花粉症 ヨモギ,1
,,ヒュミラ 花粉症,1
,,花粉症 昔,1
,,花粉症 ヲシテ文字,1
,,花粉症 増加 原因,1
,,花粉症 パイロット,1
,,花粉症 有名人,1
,,花粉症 ワクチン,1
,,花粉症 キャンディ,1
,,花粉症 ポスター 厚生労働省,1
,,花粉症 客室乗務員,1
,,花粉症 咳 市販薬,1
,,花粉症 咳 薬,1
,,花粉症 咳,1
32,調査・データ・年間,,
,,花粉症 調査,5
,,花粉症 データ,4
,,花粉症 年間,2
,,花粉症 ドライアイ,2
,,花粉症 ミント,2
,,花粉症 ランキング,2
,,花粉症 薬 おすすめ,2
,,花粉症 塗り薬,2
,,花粉症 塗り薬 ランキング,2
,,花粉症 日本,2
,,花粉症 人口,2
,,花粉症 老人,2
,,花粉症 罹患率,2
,,花粉症 有病率,2
,,花粉症 割合 2018,2
,,花粉症 沖縄,2
,,花粉症 薬 眠くならない,2
,,百日咳 花粉症,2
,,花粉症 尿もれ,2
,,花粉症 処方薬,2
,,花粉症 即効性 市販薬,2
,,花粉症 キャベジン,2
,,花粉症 バイト,2
,,花粉症 尿意,2
,,花粉症 経済損失,1
,,花粉症 鼻 づまり 解消,1
,,花粉症 龍角散,1
,,花粉症 飴,1
,,花粉症 キャンディ,1
,,花粉症 龍角散 効果,1
,,花粉症 龍角散 のど飴,1
,,花粉症 ごぼう茶,1
,,花粉症 茶,1
,,花粉症 緑茶,1
,,花粉症 茶葉,1
,,花粉症 べにふうき 甜茶,1
,,花粉症 お茶,1
,,花粉症 サングラス,1
,,花粉症 塗り薬 フマキラー,1
,,花粉症 目薬 ランキング,1
,,花粉症 ポケットティッシュ,1
,,花粉症 乳酸菌 おすすめ,1
,,花粉症 ムーンライト,1
,,花粉症 サウナ,1
,,花粉症 男女比,1
,,花粉症 リアルタイム,1
,,花粉症 吸入器,1
,,花粉症 キャンペーン,1
,,花粉症 紅茶,1
,,花粉症 寄生虫,1
,,花粉症 れんこん,1
,,花粉症 木材,1
,,花粉症 熱,1
,,花粉症 デビュー,1
,,花粉症 重症,1
,,花粉症 年齢,1
,,花粉症 プロポリス,1
,,花粉症 ミュゼ,1
,,花粉症 原因 植物,1
,,花粉症 原理,1
,,花粉症 増加,1
,,花粉症 種類,1
,,花粉症 正式名称,1
,,花粉症 出現期間,1
,,花粉症 冬,1
,,花粉症 スギ,1
,,花粉症 原因,1
,,花粉症 とは,1
,,花粉症 定義,1
,,花粉症 グラフ,1
,,花粉症 表,1
,,花粉症 別名,1
,,花粉症 増加 なぜ,1
,,花粉症 うつる,1
,,花粉症 研究,1
,,花粉症 理由,1
,,花粉症 ブタクサ 症状,1
,,花粉症 冬場,1
,,花粉症 増加 グラフ,1
,,花粉症 不眠,1
,,花粉症 増加 原因,1
,,花粉症 病気,1
,,花粉症 カレンダー,1
,,花粉症 ブタクサ いつ,1
,,花粉症 有効な食べ物,1
,,花粉症 プール,1
,,花粉症 エアコン,1
,,花粉症 有病率 都道府県,1
,,花粉症 割合,1
,,ヒュミラ 花粉症,1
,,花粉症 マスク 高級,1
,,花粉症 流行マップ,1
,,花粉症 喉のかゆみ,1
,,花粉症 昔,1
,,花粉症 電車の中,1
,,花粉症 防塵マスク,1
,,花粉症 n95,1
,,花粉症 マスク,1
,,花粉症 ガスマスク,1
,,百合油 花粉症,1
,,花粉症 飲むヨーグルト,1
,,花粉症 お腹痛い,1
,,花粉症 病院 妙典,1
,,花粉症 妙典,1
,,花粉症 口の渇き,1
,,花粉症 北海道,1
,,花粉症 目薬 コンタクト,1
,,花粉症 薬 名前,1
,,花粉症 病院,1
,,花粉症 病院 いつ,1
,,花粉症 対策 薬,1
,,花粉症 病院 薬,1
,,花粉症 日本人 割合,1
,,花粉症 薬 病院,1
,,花粉症 早期治療,1
,,花粉症 割合 日本人,1
,,花粉症 ブタクサ 市販薬,1
,,花粉症 プレゼント 女性,1
,,花粉症 尿漏れ,1
,,花粉症 尿,1
,,花粉症 行政訴訟,1
,,花粉症 訴訟,1
,,花粉症 薬 市販,1
,,花粉症 即効性,1
,,花粉症 即効,1
,,花粉症 強力な薬,1
,,花粉症 点鼻薬 おすすめ,1
,,花粉症 筋肉痛,1
,,花粉症 胃腸,1
,,花粉症 飲み薬,1
,,花粉症 無気力,1
,,花粉症 プレドニン,1
,,花粉症 otc,1
,,花粉症 アレグラ,1
,,花粉症 評判 病院,1
,,花粉症 ルル,1
,,ミャンマー 花粉症,1
,,花粉症 吐き気,1
,,花粉症 胃痛,1
,,花粉症 胸焼け,1
,,花粉症 ロキソニン 効く,1
,,花粉症 点鼻薬 処方,1
,,花粉症 頭痛 吐き気,1
,,花粉症 市販薬,1
,,花粉症 気持ち悪い,1
,,花粉症 じんましん,1
,,花粉症 頭皮,1
,,花粉症 目薬,1
,,花粉症 目薬 逆効果,1
,,花粉症 ヒューストン,1
,,花粉症 びゃっこかにんじんとう,1
,,花粉症 楽にする方法,1
,,花粉症 本,1
,,花粉症 濡れマスク,1
,,花粉症 症状 咳,1
,,花粉症 頭痛 咳,1
,,花粉症 咳 薬,1
,,花粉症 豆乳,1
,,花粉症 ランニング,1
,,花粉症 手話,1
,,花粉症 母乳,1
,,花粉症 ぼーっとする,1
,,花粉症 重度,1
,,花粉症 アナフィラキシー,1
,,花粉症 パブロン鼻炎カプセル,1
33,パッチテスト・リンパ・ige,,
,,花粉症 パッチテスト,6
,,花粉症 リンパ,4
,,花粉症 ige,4
,,花粉症 肥満細胞,4
,,花粉症 手荒れ,3
,,花粉症 大豆,3
,,花粉症 パッチ,3
,,花粉症 定義,3
,,花粉症 アレルギー検査,3
,,花粉症 米,3
,,花粉症 nhkスペシャル,2
,,花粉症 この時期,2
,,花粉症 秋,2
,,花粉症 フルーツ,2
,,花粉症 梅,2
,,花粉症 型アレルギー,2
,,花粉症 治験,2
,,花粉症 漢方,2
,,花粉症 ラテックスアレルギー,2
,,花粉症 プロテイン,2
,,花粉症 来年,2
,,花粉症 別名,2
,,花粉症 じんましん,2
,,花粉症 扁桃腺,1
,,花粉症 首の痛み,1
,,花粉症 肌荒れ,1
,,花粉症 原因 牛乳,1
,,花粉症 魚,1
,,花粉症 牛乳,1
,,花粉症 もやし,1
,,花粉症 nhk,1
,,花粉症 手話,1
,,花粉症 原因,1
,,花粉症 動画,1
,,花粉症 表,1
,,花粉症 アレルギー,1
,,花粉症 食物アレルギー,1
,,花粉症 治療,1
,,花粉症 舌下免疫療法,1
,,花粉症 最近,1
,,花粉症 舌禍治療,1
,,花粉症 免疫療法,1
,,花粉症 舌禍治療 時期,1
,,花粉症 療法,1
,,花粉症 影響,1
,,花粉症 最新治療,1
,,花粉症 皮膚炎,1
,,花粉症 牛肉,1
,,花粉症 今日,1
,,花粉症 イネ科,1
,,花粉症 今,1
,,花粉症 ブタクサ 時期,1
,,花粉症 ブタクサ いつ,1
,,花粉症 pop,1
,,花粉症 今日 種類,1
,,花粉症 今日 ひどい,1
,,花粉症 情報 2018,1
,,花粉症 雑草,1
,,花粉症 ブタクサ,1
,,花粉症 魚介類,1
,,花粉症 バナナ アレルギー,1
,,花粉症 きゅうり,1
,,花粉症 桃,1
,,花粉症 魚油,1
,,花粉症 注射 ヒスタグロビン,1
,,花粉症 チェック,1
,,花粉症 ペニシリン,1
,,花粉症 一年中,1
,,花粉症 ピーク,1
,,花粉症 ブタクサ 対策,1
,,花粉症 血液検査 結果,1
,,花粉症 尿検査,1
,,花粉症 中国,1
,,花粉症 バイト,1
,,花粉症 レベル,1
,,花粉症 レベル6,1
,,花粉症 皮膚科 薬,1
,,花粉症 ぎょう虫,1
,,花粉症 症状 秋,1
,,花粉症 増加 なぜ,1
,,花粉症 皮膚科 飲み薬,1
,,花粉症 癌,1
,,花粉症 略語,1
,,花粉症 リュウマチ,1
,,花粉症 ミョウバン,1
,,花粉症 受容体,1
,,花粉症 通院,1
,,花粉症 舌禍治療 効果,1
,,花粉症 検査,1
,,花粉症 アナフィラキシー,1
,,花粉症 豆乳,1
,,花粉症 nk細胞,1
,,花粉症 完治,1
,,花粉症 スギ,1
,,花粉症 治る,1
,,花粉症 治す,1
,,花粉症 牛糞,1
,,花粉症 歴史,1
,,花粉症 メカニズム,1
,,花粉症 ヒスタミン,1
,,花粉症 造影剤,1
,,花粉症 プール,1
,,花粉症 茗荷谷,1
,,花粉症 茗荷谷 病院,1
,,花粉症 尿療法,1
,,花粉症 皮膚科,1
,,花粉症 二重,1
,,花粉症 キャパ,1
,,花粉症 蕁麻疹,1
,,花粉症 後天性,1
,,花粉症 利権,1
,,花粉症 ダニ,1
,,花粉症 逆療法,1
,,花粉症 改善,1
,,花粉症 アレルギー性鼻炎,1
,,花粉症 胃痛,1
,,花粉症 体質改善,1
,,花粉症 鼻炎,1
,,花粉症 東洋医学,1
,,花粉症 ブタクサ 市販薬,1
,,花粉症 処方薬,1
,,花粉症 寄生虫,1
,,花粉症 バラ科アレルギー,1
,,花粉症 牛乳 悪化,1
,,花粉症 果物,1
,,花粉症 むくみ,1
,,花粉症 抑える,1
,,花粉症 軽減,1
,,花粉症 原理,1
,,花粉症 新薬,1
,,花粉症 特効薬,1
,,花粉症 現在,1
,,花粉症 ご飯,1
,,花粉症 研究,1
,,花粉症 を治す方法,1
34,二重・ロラタジン・登山,,
,,花粉症 二重,4
,,花粉症 ロラタジン,3
,,花粉症 登山,3
,,花粉症 キャンプ,3
,,花粉症 目やに,2
,,花粉症 留学,2
,,花粉症 ベポタスチン,2
,,花粉症 目薬,1
,,花粉症 目薬 ランキング,1
,,花粉症 点眼,1
,,花粉症 充血,1
,,花粉症 厚生労働省,1
,,花粉症 ポスター 厚生労働省,1
,,花粉症 ピクシブ,1
,,花粉症 アロマ,1
,,花粉症 年間,1
,,花粉症 ブタクサ 時期,1
,,花粉症 原因,1
,,花粉症 この時期,1
,,花粉症 時期,1
,,花粉症 月別,1
,,花粉症 カレンダー,1
,,花粉症 塗り薬 フマキラー,1
,,花粉症 労働生産性,1
,,花粉症 便秘,1
,,花粉症 nk細胞,1
,,花粉症 百度,1
,,花粉症 標準治療,1
,,花粉症 シャンプー,1
,,花粉症 nlp,1
,,花粉症 お腹痛い,1
,,花粉症 ポケットティッシュ,1
,,花粉症 pop フリー,1
,,花粉症 吸入器,1
,,花粉症 チャイ,1
,,花粉症 プランルカスト,1
,,花粉症 パレオな男,1
,,花粉症 wiki,1
,,花粉症 布団,1
,,花粉症 北海道,1
,,花粉症 サプリ,1
,,花粉症 キャパシティ,1
,,花粉症 動画,1
,,花粉症 百科,1
,,花粉症 パブロン,1
,,日向翔陽 花粉症,1
,,花粉症 バイク,1
,,花粉症 ミュゼ,1
,,花粉症 卒論,1
,,花粉症 料理,1
,,花粉症 国民病,1
,,花粉症 英語,1
,,花粉症 を英語で,1
,,花粉症 現代病,1
,,花粉症 許容量,1
35,尿路結石・尿検査・ピロリ菌,,
,,花粉症 尿路結石,13
,,花粉症 尿検査,11
,,花粉症 ピロリ菌,11
,,花粉症 京都 病院,11
,,花粉症 扁桃腺,10
,,花粉症 耳だれ,10
,,花粉症 行徳,9
,,花粉症 扁桃腺 痛い,9
,,花粉症 尿潜血,8
,,花粉症 茗荷谷 病院,8
,,妙蓮寺 花粉症 病院,8
,,花粉症 味がしない,7
,,花粉症 評判 病院,7
,,花粉症 リュウマチ,7
,,花粉症 病院 東京,7
,,花粉症 高熱,7
,,花粉症 ペインクリニック,7
,,花粉症 病院 妙典,6
,,花粉症 注射 千葉,6
,,花粉症 脈拍,6
,,花粉症 京都,6
,,花粉症 茗荷谷,6
,,花粉症 百合,6
,,花粉症 尿蛋白,6
,,妙蓮寺 花粉症,6
,,花粉症 耳鼻科,6
,,花粉症 ロキソニン,6
,,花粉症 お腹痛い,5
,,花粉症 逆流性食道炎,5
,,ヒュミラ 花粉症,5
,,花粉症 注射 東京,5
,,花粉症 宇都宮,5
,,花粉症 耳鳴り,5
,,百日咳 花粉症,5
,,花粉症 脈診,5
,,花粉症 兵庫県,5
,,花粉症 リンパ,5
,,花粉症 めまい,5
,,花粉症 ロキソニン 効く,5
,,花粉症 病院 おすすめ,5
,,花粉症 予防接種,4
,,花粉症 妙典,4
,,花粉症 ヘルペス,4
,,花粉症 ピアス,4
,,花粉症 脈,4
,,花粉症 頭痛 吐き気,4
,,花粉症 筋肉痛,4
,,花粉症 声枯れる,4
,,花粉症 声枯れ,4
,,花粉症 声が枯れる,4
,,花粉症 胃痛,4
,,花粉症 抜歯,4
,,花粉症 レーザー 東京,4
,,花粉症 むせる,4
,,花粉症 ペリアクチン,3
,,花粉症 ペニシリン,3
,,花粉症 どこの病院,3
,,花粉症 動悸,3
,,花粉症 鼻水 逆流,3
,,花粉症 入院,3
,,花粉症 ユリ,3
,,花粉症 熱出る,3
,,花粉症 口内炎,3
,,花粉症 ものもらい,3
,,花粉症 問診票,3
,,花粉症 胸焼け,3
,,花粉症 高血圧 薬,3
,,花粉症 悪寒,3
,,花粉症 注射 費用,3
,,花粉症 ゾレア,3
,,花粉症 流産,3
,,花粉症 咳のみ,3
,,花粉症 力が入らない,3
,,花粉症 エバステル,2
,,花粉症 ザイザル 飲み方,2
,,花粉症 腰痛,2
,,花粉症 ツボ,2
,,花粉症 東洋医学,2
,,花粉症 咳 痰,2
,,花粉症 頭痛 咳,2
,,花粉症 気管支炎,2
,,花粉症 癌,2
,,花粉症 乳児,2
,,花粉症 ぼーっとする,2
,,花粉症 牛糞,2
,,花粉症 発熱,2
,,花粉症 喘息,2
,,花粉症 熱,2
,,花粉症 受診勧奨,2
,,花粉症 吐き気,2
,,花粉症 尿の色,2
,,花粉症 何科,2
,,みょうが 花粉症,2
,,花粉症 のどの痛みだけ,2
,,花粉症 プール,2
,,花粉症 偏頭痛,2
,,花粉症 病院 何科,2
,,花粉症 尿漏れ,2
,,花粉症 尿療法,2
,,花粉症 尿もれ,2
,,花粉症 頭痛 薬,2
,,花粉症 鼻血,2
,,花粉症 点滴,2
,,花粉症 ぺニス,2
,,花粉症 後天性,2
,,花粉症 咳 市販薬,2
,,花粉症 下痢,2
,,花粉症 頭痛だけ,2
,,花粉症 ジェネリック,2
,,花粉症 病名,2
,,花粉症 うつ,2
,,花粉症 休暇,2
,,花粉症 咳 ヒューヒュー,2
,,花粉症 秋 咳,2
,,花粉症 症状 咳,2
,,花粉症 皮膚科,2
,,花粉症 ブロック注射,2
,,喉 ヒューヒュー 花粉症,2
,,牛車腎気丸 花粉症,2
,,花粉症 びゃっこかにんじんとう,2
,,花粉症 標高,2
,,花粉症 モンテルカスト,1
,,花粉症 ルパフィン,1
,,花粉症 ゼスラン,1
,,花粉症 パタノール,1
,,花粉症 ポララミン,1
,,花粉症 キャベジン,1
,,花粉症 病院 注射,1
,,花粉症 頭痛 ツボ,1
,,花粉症 注射,1
,,花粉症 ぜんそく,1
,,花粉症 尿,1
,,花粉症 予防 病院,1
,,花粉症 勉強できない,1
,,花粉症 具合悪い,1
,,花粉症 ぎょう虫,1
,,花粉症 予報,1
,,花粉症 梅,1
,,花粉症 辛いもの,1
,,花粉症 首の痛み,1
,,花粉症 脱毛,1
,,花粉症 費用,1
,,花粉症 頭痛 対策,1
,,花粉症 血液検査 結果,1
,,花粉症 じんましん,1
,,花粉症 沖縄,1
,,ギャバ 花粉症,1
,,花粉症 訴訟,1
,,花粉症 味覚,1
,,花粉症 脱水,1
,,花粉症 本,1
,,花粉症 便秘,1
,,花粉症 ひどい,1
,,花粉症 強い薬,1
,,花粉症 パブロン,1
,,花粉症 薬 ザイザル,1
,,花粉症 芸能人,1
,,花粉症 眠気,1
,,花粉症 胃腸,1
,,花粉症 鼻水 薬,1
,,花粉症 薬 副作用,1
,,花粉症 飲み薬,1
,,花粉症 頭痛 眠気,1
,,花粉症 だるい,1
,,花粉症 痰,1
,,花粉症 表,1
,,花粉症 ザイザル 効かない,1
,,花粉症 風邪 違い,1
,,花粉症 咳 薬,1
,,花粉症 薬 眠くならない,1
,,花粉症 病院 薬,1
,,花粉症 薬,1
,,花粉症 薬 病院,1
,,花粉症 薬 強さ,1
,,花粉症 風邪薬,1
,,花粉症 処方薬,1
,,花粉症 眠い,1
,,花粉症 車,1
,,花粉症 病院 いつ,1
,,花粉症 風邪,1
,,花粉症 頭痛薬 併用,1
,,花粉症 疲れる,1
,,花粉症 ザイザル,1
,,花粉症 ザイザル 市販,1
,,花粉症 錠剤,1
,,花粉症 薬 眠くなる,1
,,花粉症 だるさ,1
,,花粉症 寒気,1
,,花粉症 症状 頭痛,1
,,花粉症 不眠,1
,,花粉症 マスク 逆効果,1
,,花粉症 ペットボトル,1
,,花粉症 1 月,1
,,花粉症 キンモクセイ,1
,,花粉症 咳,1
,,花粉症 労働生産性,1
,,花粉症 ラジオ波治療,1
,,花粉症 サウナ,1
,,花粉症 リアルタイム,1
,,花粉症 留学,1
,,花粉症 抜け毛,1
,,花粉症 ニキビ,1
,,花粉症 病院,1
,,花粉症 対策 病院,1
,,花粉症 有名 病院,1
,,花粉症 ぶどう,1
,,花粉症 尿意,1
,,花粉症 皮膚科 薬,1
,,花粉症 ヒューヒュー,1
,,ヒュウガトウキ 花粉症,1
,,花粉症 喉 違和感,1
,,花粉症 ドライアイ,1
,,ビャクシン 花粉症,1
,,花粉症 老化,1
,,花粉症 注射 ノイロトロピン,1
,,花粉症 ピーナッツ,1
,,花粉症 冬場,1
,,花粉症 受診,1
,,花粉症 内科,1
,,花粉症 出産,1
,,百合の花 花粉症,1
,,花粉症 皮膚炎,1
,,花粉症 プレドニン,1
,,花粉症 表情,1
,,花粉症 今日 ひどい ツイッター,1
,,花粉症 ヒューストン,1
,,花粉症 アナフィラキシー,1
,,ミャンマー 花粉症,1
,,花粉症 上咽頭炎,1
,,花粉症 ミュゼ,1
36,お茶・茶・n95,,
,,花粉症 お茶,6
,,花粉症 茶,5
,,花粉症 n95,5
,,花粉症 メガネ 百均,5
,,花粉症 韓国語,4
,,花粉症 緑茶,4
,,花粉症 べにふうき 甜茶,4
,,花粉症 マスク 高級,4
,,花粉症 プラズマクラスター,4
,,花粉症 防塵マスク,4
,,花粉症 米,4
,,花粉症 百均,4
,,花粉症 茶 べにふうき,3
,,花粉症 べにふうき,3
,,花粉症 お茶 べにふうき,3
,,花粉症 ジェネリック,3
,,花粉症 空気清浄機,3
,,花粉症 帽子,3
,,花粉症 ゴーグル ダイソー,3
,,花粉症 じゃばら 効果,3
,,花粉症 国民病,3
,,花粉症 スギ,3
,,花粉症 日本だけ,3
,,花粉症 昔,3
,,花粉症 マツエク,3
,,花粉症 フランス語,3
,,花粉症 マスク おすすめ,3
,,花粉症 ペットボトル,2
,,花粉症 表現,2
,,花粉症 ドイツ語,2
,,花粉症 定義,2
,,花粉症 ニュース,2
,,花粉症 濡れマスク,2
,,花粉症 掃除機,2
,,花粉症 掃除,2
,,花粉症 エアコン,2
,,花粉症 マスク 逆効果,2
,,花粉症 茶葉,2
,,花粉症 ガスマスク,2
,,花粉症 ジャスミン茶,2
,,花粉症 ドライアイ,2
,,花粉症 ほこり,2
,,花粉症 ゴーグル メガネの上から,2
,,花粉症 対策,2
,,花粉症 行政 対策,2
,,花粉症 流行 なぜ,2
,,花粉症 行政,2
,,花粉症 なぜ,2
,,花粉症 ベースメイク,2
,,花粉症 飴,2
,,花粉症 スプレー,2
,,花粉症 サプリ,2
,,花粉症 ビューラー,2
,,花粉症 雨,2
,,花粉症 沖縄,2
,,花粉症 ジャニーズ,2
,,花粉症 エキナセア,2
,,花粉症 ワイン,2
,,花粉症 シャンプー,2
,,花粉症 マスクメロン,2
,,花粉症 表年,2
,,花粉症 キャッチコピー,2
,,花粉症 ススキ,2
,,ミュンヘン 花粉症,2
,,花粉症 牛舎,2
,,花粉症 馬油,2
,,百合の花 花粉症,2
,,花粉症 キャンプ,2
,,花粉症 茶カテキン,1
,,花粉症 紅茶,1
,,花粉症 唇,1
,,花粉症 写真,1
,,花粉症 画像,1
,,花粉症 気持ち悪い,1
,,花粉症 うざい,1
,,花粉症 辛さ,1
,,花粉症 薬 市販,1
,,花粉症 アレグラ,1
,,花粉症 薬 名前,1
,,花粉症 評判 病院,1
,,花粉症 薬 おすすめ,1
,,花粉症 評価,1
,,花粉症 フェキソフェナジン,1
,,花粉症 サウナ,1
,,花粉症 治験,1
,,花粉症 二重,1
,,花粉症 風呂,1
,,花粉症 お風呂,1
,,花粉症 部屋 対策,1
,,花粉症 出産,1
,,花粉症 目,1
,,花粉症 ゴーグル,1
,,花粉症 防ぐ,1
,,花粉症 サングラス,1
,,花粉症 防止,1
,,花粉症 メガネ,1
,,花粉症 水分,1
,,花粉症 グッズ,1
,,花粉症 子供,1
,,花粉症 経済損失,1
,,花粉症 プレゼント 女性,1
,,花粉症 プレゼント 男性,1
,,花粉症 緑茶 効果,1
,,花粉症 訴訟,1
,,花粉症 行政訴訟,1
,,花粉症 利権,1
,,花粉症 理由,1
,,花粉症 放置,1
,,花粉症 otc,1
,,花粉症 来年,1
,,花粉症 キャンディ,1
,,花粉症 最新治療,1
,,花粉症 最新,1
,,花粉症 具合悪い,1
,,ビャクシン 花粉症,1
,,花粉症 江戸時代,1
,,花粉症 ng,1
,,花粉症 pop,1
,,花粉症 表情,1
,,花粉症 歴史,1
,,花粉症 日本,1
,,ピュアシナジー 花粉症,1
,,花粉症 果物,1
,,花粉症 正式名称,1
,,花粉症 カレンダー,1
,,花粉症 別名,1
,,花粉症 ピロリ菌,1
,,花粉症 ご飯,1
,,花粉症 治す,1
,,花粉症 中国,1
,,花粉症 はちみつ,1
,,花粉症 老化,1
,,花粉症 デート,1
,,花粉症 新薬,1
,,花粉症 バイク,1
,,花粉症 準備,1
,,花粉症 ポケットティッシュ,1
,,花粉症 雨の日 ひどい,1
,,花粉症 月別,1
,,花粉症 何月,1
,,花粉症 麦茶,1
,,花粉症 プロテイン,1
,,花粉症 筋トレ,1
,,花粉症 ピーク,1
,,花粉症 研究,1
,,花粉症 パンフレット,1
,,花粉症 ホメオパシー,1
,,花粉症 ロキソニン 効く,1
,,花粉症 リアルタイム,1
,,花粉症 電車の中,1
,,花粉症 受験,1
,,花粉症 お酒,1
,,花粉症 冬場,1
,,花粉症 ベトナム語,1
,,花粉症 ポルトガル語,1
,,花粉症 手荒れ,1
,,花粉症 車,1
,,花粉症 早退,1
,,花粉症 龍角散 効果,1
,,花粉症 タバコ,1
,,花粉症 ヒューマンエラー,1
,,花粉症 ピュアサプライ,1
,,花粉症 ユーカリ ティーツリー,1
,,花粉症 パイロット,1
,,花粉症 冬,1
,,花粉症 プロポリス,1
,,花粉症 キャラクター,1
,,花粉症 じゃばら,1
,,花粉症 標高,1
,,花粉症 魚,1
,,花粉症 ポリフェノール,1
,,花粉症 デトックス,1
,,花粉症 寒気,1
,,花粉症 コーヒー,1
,,花粉症 許容量,1
,,花粉症 ペンダント,1
,,花粉症 パレオな男,1
,,百合油 花粉症,1
,,花粉症 憑依,1
,,花粉症 治った,1
,,花粉症 セイタカアワダチソウ,1
,,花粉症 予報,1
,,花粉症 塗り薬,1
,,花粉症 休暇,1
,,花粉症 有名人,1
,,花粉症 プール,1
,,花粉症 運動,1
,,花粉症 鼻血,1
,,花粉症 炎症,1
,,花粉症 キャンペーン,1
,,花粉症 チャート,1
,,花粉症 塗り薬 フマキラー,1
,,花粉症 乳酸菌 おすすめ,1
,,花粉症 スキンケア,1
,,花粉症 留学,1
,,花粉症 牛肉,1
,,花粉症 百度,1
,,花粉症 客室乗務員,1
,,花粉症 バイト,1
,,花粉症 喘息,1
,,花粉症 ぜんそく,1
,,花粉症 ユリ,1
,,花粉症 世界,1
,,花粉症 吸入器,1
,,花粉症 民間療法,1
,,花粉症 パン,1
37,ツボ・頭痛 ツボ・雨,,
,,花粉症 ツボ,4
,,花粉症 頭痛 ツボ,4
,,花粉症 雨,1
,,花粉症 ピクシブ,1
,,花粉症 妙典,1
,,花粉症 腸,1
,,花粉症 腸内フローラ,1
,,花粉症 腸内細菌,1
,,花粉症 腸内環境,1
,,花粉症 不眠,1
,,花粉症 今日 ひどい ツイッター,1
,,花粉症 ツイッター,1
,,花粉症 スキンケア,1
,,花粉症 化粧水,1
,,花粉症 ヒューストン,1
,,花粉症 づ痛,1
,,花粉症 ススキ,1
,,花粉症 目,1
,,花粉症 抑える,1
,,花粉症 お灸,1
,,花粉症 くしゃみ,1
,,花粉症 軽減,1
,,花粉症 むくみ,1
,,花粉症 楽になる方法,1
,,花粉症 脱水,1
,,花粉症 鼻水,1
,,花粉症 耳つぼ,1
,,花粉症 顔がかゆい,1
,,花粉症 づ通,1
,,花粉症 楽にする方法,1
,,花粉症 塗り薬 目,1
,,花粉症 江戸時代,1
,,花粉症 効く,1
,,花粉症 東洋医学,1
,,花粉症 症状 目,1
,,花粉症 病院 東京,1
,,花粉症 量,1
,,花粉症 厚生労働省,1
,,花粉症 情報,1
,,花粉症 今日 東京,1
,,花粉症 病院 おすすめ,1
,,花粉症 評判 病院,1
,,花粉症 ポルトガル語,1
,,花粉症 ドイツ語,1
,,花粉症 頭痛 対策,1
,,花粉症 尿療法,1
,,花粉症 免疫療法,1
,,花粉症 舌下免疫療法,1
,,花粉症 ポスター,1
,,花粉症 沖縄,1
,,ミャンマー 花粉症,1
,,花粉症 ニキビ,1
,,花粉症 偏頭痛,1
38,ヲシテ文字・フランス語・マスクメロン,,
,,花粉症 ヲシテ文字,7
,,花粉症 フランス語,7
,,花粉症 マスクメロン,5
,,花粉症 龍角散,4
,,nプラス 花粉症,3
,,花粉症 龍角散 のど飴,3
,,花粉症 有名人,2
,,花粉症 ラクトフェリン,2
,,花粉症 pop フリー,2
,,花粉症 ムーンライト,2
,,花粉症 ユリ,2
,,花粉症 龍角散 効果,2
,,ピュアシナジー 花粉症,2
,,花粉症 抜け毛,1
,,花粉症 今日,1
,,花粉症 本日,1
,,花粉症 外国人,1
,,花粉症 ユーカリ,1
,,花粉症 偏頭痛,1
,,花粉症 づ痛,1
,,花粉症 耳だれ,1
,,花粉症 調査,1
,,花粉症 統計,1
,,花粉症 人数,1
,,花粉症 キンモクセイ,1
,,花粉症 レベル,1
,,花粉症 治る,1
,,花粉症 芸能人,1
,,花粉症 動画,1
,,花粉症 ツイッター,1
,,花粉症 ワイン,1
,,花粉症 リアルタイム,1
,,花粉症 マツエク,1
,,花粉症 nhk,1
,,花粉症 レシピ,1
,,百合の花 花粉症,1
,,花粉症 便利,1
,,花粉症 歴史,1
,,花粉症 ぺニス,1
,,花粉症 北海道,1
,,花粉症 罹患率,1
,,花粉症 有病率,1
,,花粉症 ランキング,1
,,花粉症 飴,1
,,花粉症 キャンディ,1
,,花粉症 デトックス,1
,,花粉症 キャッチコピー,1
,,花粉症 飲むヨーグルト,1
,,花粉症 桃,1
,,花粉症 を治す方法,1
,,花粉症 登山,1
,,花粉症 ピュアサプライ,1
,,花粉症 ローヤルゼリー,1
,,花粉症 理由,1
,,花粉症 バイク,1
,,花粉症 ガイドライン 2018,1
,,百合油 花粉症,1
,,花粉症 特徴,1
,,花粉症 魚介類,1
,,花粉症 nlp,1
,,花粉症 利権,1
,,花粉症 ワクチン,1
,,花粉症 わさび,1
,,花粉症 を英語で,1
,,花粉症 キャンペーン,1
,,花粉症 npo,1
,,ミャンマー 花粉症,1
,,花粉症 薬 おすすめ,1
,,花粉症 べにふうき 甜茶,1
,,花粉症 ロキソニン,1
,,ヒュウガトウキ 花粉症,1
,,花粉症 ペットボトル,1
,,花粉症 ホメオパシー,1
39,着床・流産・ザイザル 授乳中,,
,,花粉症 着床,7
,,花粉症 流産,6
,,花粉症 ザイザル 授乳中,5
,,花粉症 母乳,5
,,花粉症 出産,4
,,花粉症 妊婦,4
,,花粉症 授乳中,3
,,花粉症 ザイザル 飲み方,3
,,花粉症 喉の痛み,2
,,花粉症 喉が痛い,2
,,花粉症 フェキソフェナジン,2
,,花粉症 ザイザル,2
,,花粉症 ザイザル 市販,2
,,花粉症 薬 ザイザル,2
,,花粉症 薬 強さ,2
,,花粉症 ザイザル 効かない,2
,,花粉症 尿意,2
,,花粉症 もやし,2
,,花粉症 声枯れ,2
,,花粉症 治験,2
,,花粉症 エバステル,1
,,花粉症 はちみつ,1
,,花粉症 頭痛 薬,1
,,花粉症 頭痛薬 併用,1
,,花粉症 飲み薬,1
,,花粉症 キャベジン,1
,,花粉症 紅茶,1
,,花粉症 化粧水,1
,,花粉症 英語 読み方,1
,,花粉症 即効性 市販薬,1
,,花粉症 うつる,1
,,花粉症 草,1
,,花粉症 尿漏れ,1
,,花粉症 尿もれ,1
,,花粉症 タバコ,1
,,花粉症 眠気,1
,,花粉症 nlp,1
,,花粉症 アレグラ,1
,,花粉症 昔は無かった,1
,,ピュアシナジー 花粉症,1
,,花粉症 動画,1
,,花粉症 早退,1
,,花粉症 ペラック,1
,,ギャバ 花粉症,1
,,花粉症 ユーカリ,1
,,花粉症 遺伝,1
,,花粉症 遺伝する,1
,,花粉症 うつ,1
,,花粉症 動物,1
,,花粉症 ヘルペス,1
,,花粉症 ロキソニン,1
,,花粉症 行政訴訟,1
,,花粉症 訴訟,1
,,花粉症 効く,1
,,花粉症 コンタクト,1
,,花粉症 薬 おすすめ,1
,,花粉症 強力な薬,1
,,花粉症 強い薬,1
,,花粉症 薬 眠くなる,1
,,花粉症 ポカリ,1
,,花粉症 ものもらい,1
,,花粉症 咳 痰,1
,,花粉症 咳 薬,1
,,花粉症 秋 咳,1
,,花粉症 喉 違和感,1
,,花粉症 症状 咳,1
,,花粉症 喉,1
,,花粉症 のど,1
,,花粉症 咳,1
,,花粉症 ムーンライト,1
,,花粉症 声枯れる,1
,,花粉症 声が枯れる,1
,,花粉症 お茶,1
,,花粉症 脈診,1
,,花粉症 扁桃腺,1
,,花粉症 酒 悪化,1
,,花粉症 お酒,1
,,花粉症 治療薬,1
,,花粉症 びゃっこかにんじんとう,1
,,妙蓮寺 花粉症,1
,,花粉症 ミュゼ,1
,,花粉症 バイト,1
,,花粉症 ピクシブ,1
40,グルテン・グルテンフリー・憑依,,
,,花粉症 グルテン,4
,,花粉症 グルテンフリー,3
,,花粉症 憑依,3
,,花粉症 ジャニーズ,2
,,花粉症 プレゼント,2
,,花粉症 バイト,2
,,花粉症 プレゼント 女性,2
,,花粉症 ギャグ,2
,,ミャンマー 花粉症,2
,,花粉症 母乳,2
,,花粉症 コーヒー,1
,,花粉症 キャンペーン,1
,,花粉症 梅,1
,,花粉症 メガネ 百均,1
,,花粉症 百均,1
,,花粉症 nhkスペシャル,1
,,花粉症 nhk,1
,,花粉症 写真,1
,,花粉症 画像,1
,,花粉症 飴,1
,,花粉症 イラスト,1
,,ピュアシナジー 花粉症,1
,,妙蓮寺 花粉症,1
,,花粉症 キャパ,1
,,花粉症 ポルトガル語,1
,,花粉症 ベジタリアン,1
,,花粉症 パン,1
,,花粉症 nlp,1
,,花粉症 パイナップル,1
,,花粉症 治験,1
,,花粉症 略語,1
,,花粉症 キャベツ,1
,,花粉症 受験,1
,,花粉症 行政訴訟,1
,,花粉症 ローズヒップ,1
,,花粉症 ピクシブ,1
,,花粉症 プレゼント 男性,1
,,花粉症 留学,1
,,花粉症 寄生虫,1
,,花粉症 ぎょう虫,1
,,ミュージシャン 花粉症,1
,,花粉症 龍角散,1
,,花粉症 抜歯,1
,,花粉症 キャンプ,1
,,花粉症 キャッチコピー,1
,,花粉症 偏頭痛,1
,,花粉症 牛肉,1
,,花粉症 デトックス,1
,,花粉症 ジョギング,1
41,ルイボスティー 飲み方・グルテン・口呼吸,,
,,花粉症 ルイボスティー 飲み方,13
,,花粉症 グルテン,13
,,花粉症 口呼吸,12
,,花粉症 ルイボス,12
,,花粉症 断食,11
,,花粉症 ベジタリアン,11
,,花粉症 チョコレート 悪化,10
,,花粉症 砂糖,10
,,花粉症 頭痛 ツボ,10
,,花粉症 れんこん,10
,,花粉症 ポカリ,10
,,花粉症 頭痛 対処法,9
,,花粉症 偏頭痛,9
,,花粉症 チャクラ,9
,,花粉症 グルテンフリー,9
,,花粉症 尿もれ,9
,,花粉症 上咽頭炎,9
,,花粉症 風呂,9
,,花粉症 憑依,9
,,花粉症 飲み物,8
,,花粉症 だるさ,8
,,花粉症 タバコ,8
,,花粉症 首の痛み,8
,,花粉症 尿意,8
,,花粉症 コーヒー,8
,,花粉症 尿漏れ,8
,,花粉症 耳つぼ,8
,,花粉症 ストレス,7
,,花粉症 鼻 づまり 解消,7
,,花粉症 プロテイン,7
,,花粉症 温める,7
,,花粉症 腰痛,7
,,花粉症 お酒,7
,,花粉症 頭痛,7
,,花粉症 だるい,7
,,花粉症 疲れる,7
,,花粉症 ng 食べ物,7
,,花粉症 腸内環境 嘘,7
,,花粉症 デトックス,7
,,花粉症 ぬか漬け,7
,,花粉症 ご飯,7
,,花粉症 急に治る,7
,,花粉症 腸内環境 改善,7
,,花粉症 腸,7
,,花粉症 腸内環境,7
,,花粉症 酒,7
,,花粉症 お風呂,7
,,花粉症 対策 飲み物,6
,,花粉症 予防 食べ物,6
,,花粉症 蒸しタオル,6
,,花粉症 チャイ,6
,,花粉症 紅茶,6
,,花粉症 筋トレ,6
,,花粉症 ミント,6
,,花粉症 脱水,6
,,花粉症 サウナ,6
,,花粉症 運動,6
,,花粉症 パン,6
,,花粉症 鼻水 色,6
,,花粉症 扁桃腺 痛い,6
,,花粉症 パレオな男,6
,,花粉症 栄養,6
,,花粉症 はちみつ,6
,,花粉症 ぺニス,6
,,花粉症 尿の色,6
,,花粉症 入浴,6
,,花粉症 食事,5
,,花粉症 づ痛,5
,,花粉症 頭痛 対策,5
,,花粉症 症状 頭痛,5
,,花粉症 筋肉痛,5
,,花粉症 胸焼け,5
,,花粉症 楽になる方法,5
,,花粉症 牛乳 改善,5
,,花粉症 全身だるい,5
,,ギャバ 花粉症,5
,,花粉症 nk細胞,5
,,花粉症 喉,5
,,花粉症 のど,5
,,花粉症 口の渇き,5
,,花粉症 味覚,5
,,花粉症 喉 違和感,5
,,花粉症 酒 悪化,5
,,花粉症 チョコ,5
,,花粉症 水分,5
,,花粉症 添加物,5
,,花粉症 喉が痛い,5
,,花粉症 喉の痛み,5
,,花粉症 脈拍,5
,,花粉症 無気力,5
,,花粉症 尿,5
,,花粉症 体質改善,5
,,花粉症 ジャスミン茶,5
,,花粉症 具合悪い,5
,,花粉症 茶色い鼻水,5
,,花粉症 逆効果,5
,,花粉症 キャベツ,5
,,花粉症 めまい,5
,,花粉症 耳鳴り,5
,,牛車腎気丸 花粉症,5
,,花粉症 息苦しい,4
,,花粉症 食べ物,4
,,花粉症 薬 牛乳,4
,,花粉症 眠い,4
,,花粉症 頭痛だけ,4
,,花粉症 宇都宮,4
,,花粉症 睡眠,4
,,花粉症 動悸,4
,,ピュアシナジー 花粉症,4
,,花粉症 頭皮,4
,,花粉症 ペットボトル,4
,,花粉症 むくみ,4
,,花粉症 口の中,4
,,花粉症 お灸,4
,,花粉症 口内炎,4
,,花粉症 ツボ,4
,,花粉症 チョコレート,4
,,花粉症 牛肉,4
,,花粉症 牛乳 悪化,4
,,花粉症 便秘,4
,,花粉症 のどの痛みだけ,4
,,花粉症 老化,4
,,花粉症 梅,4
,,花粉症 治った,4
,,花粉症 突然,4
,,花粉症 治る,4
,,花粉症 夜,4
,,花粉症 寄生虫,4
,,花粉症 麦茶,4
,,花粉症 抜歯,4
,,花粉症 バナナ 効果,4
,,花粉症 ヘルペス,4
,,花粉症 気持ち悪い,4
,,花粉症 江戸時代,4
,,花粉症 昔は無かった,4
,,花粉症 昔,4
,,花粉症 脈,4
,,花粉症 ビタミンc,4
,,花粉症 じゃばらジャム,4
,,花粉症 馬油,4
,,花粉症 頭痛 薬,4
,,花粉症 ごぼう茶,4
,,花粉症 ドテラ,4
,,花粉症 脱毛,4
,,花粉症 頭痛 吐き気,4
,,花粉症 吐き気,4
,,花粉症 癌,4
,,花粉症 夕方,3
,,花粉症 wiki,3
,,花粉症 有効な食べ物,3
,,花粉症 放置,3
,,花粉症 ほてり,3
,,花粉症 づ通,3
,,花粉症 雨の日 ひどい,3
,,花粉症 豆乳,3
,,花粉症 東洋医学,3
,,花粉症 辛さ,3
,,花粉症 乳製品,3
,,花粉症 対策 牛乳,3
,,花粉症 牛乳,3
,,花粉症 頭痛 眠気,3
,,花粉症 化粧水,3
,,花粉症 もやし,3
,,花粉症 レシピ,3
,,花粉症 咳,3
,,花粉症 ペラック,3
,,花粉症 ロキソニン 効く,3
,,花粉症 ニキビ,3
,,ヒュウガトウキ 花粉症,3
,,花粉症 味がしない,3
,,花粉症 ミョウバン,3
,,花粉症 声枯れる,3
,,花粉症 声が枯れる,3
,,花粉症 楽にする方法,3
,,花粉症 扁桃腺,3
,,花粉症 ローズヒップ,3
,,花粉症 ジョギング,3
,,花粉症 急に,3
,,花粉症 nlp,3
,,花粉症 ぎょう虫,3
,,花粉症 フルーツ,3
,,花粉症 果物,3
,,花粉症 飲むヨーグルト,3
,,花粉症 魚介類,3
,,花粉症 料理,3
,,花粉症 改善,3
,,花粉症 抜け毛,3
,,花粉症 胃痛,3
,,花粉症 熱っぽい,3
,,花粉症 微熱,3
,,花粉症 尿路結石,3
,,花粉症 茶,3
,,花粉症 モーニングアタック,3
,,花粉症 鼻水,3
,,花粉症 両鼻 づまり,3
,,花粉症 口の中が痒い 対処法,3
,,花粉症 濡れタオル,3
,,花粉症 冬場,3
,,花粉症 喉のかゆみ,3
,,花粉症 尿療法,3
,,花粉症 どうにかしたい,3
,,花粉症 熱,3
,,妙蓮寺 花粉症 病院,3
,,花粉症 マスク 逆効果,3
,,花粉症 龍角散 効果,3
,,花粉症 龍角散,3
,,花粉症 風邪,3
,,花粉症 エッセンシャルオイル,3
,,花粉症 腸内細菌,3
,,花粉症 手荒れ,3
,,花粉症 リンパ,3
,,花粉症 ペパーミント,3
,,花粉症 ドライアイ,3
,,花粉症 脈診,3
,,花粉症 症状 風邪,3
,,花粉症 腸内フローラ,3
,,花粉症 頭痛薬 併用,3
,,花粉症 尿蛋白,3
,,ミュージシャン 花粉症,3
,,花粉症 牛糞,3
,,花粉症 牛舎,3
,,花粉症 着床,3
,,花粉症 流産,3
,,花粉症 寒気,2
,,花粉症 エキナセア,2
,,花粉症 dha,2
,,花粉症 皮膚炎,2
,,花粉症 顔がかゆい,2
,,花粉症 ワセリン 副作用,2
,,花粉症 まぶた,2
,,花粉症 症状 咳,2
,,花粉症 漫画,2
,,花粉症 原因 牛乳,2
,,花粉症 下痢,2
,,花粉症 漢方,2
,,花粉症 痰,2
,,花粉症 咳 痰,2
,,花粉症 ハーブ,2
,,花粉症 ランニング,2
,,花粉症 辛い,2
,,花粉症 完治,2
,,花粉症 急になる,2
,,花粉症 を治す方法,2
,,花粉症 治す,2
,,花粉症 うつ,2
,,花粉症 ロキソニン,2
,,花粉症 大豆,2
,,花粉症 歴史,2
,,花粉症 辛いもの,2
,,花粉症 準備,2
,,花粉症 ぼーっとする,2
,,花粉症 眠れない,2
,,花粉症 茶葉,2
,,花粉症 お茶,2
,,花粉症 dha epa,2
,,花粉症 ルル,2
,,花粉症 後鼻漏,2
,,花粉症 雑誌,2
,,花粉症 鼻水 逆流,2
,,花粉症 葛根湯,2
,,花粉症 耳,2
,,花粉症 鼻づまり,2
,,花粉症 対策 鼻,2
,,花粉症 鼻 づまり,2
,,花粉症 わからない,2
,,花粉症 入院,2
,,花粉症 ミュゼ,2
,,花粉症 魚,2
,,花粉症 魚油,2
,,花粉症 留学,2
,,花粉症 きゅうり,2
,,花粉症 ヲシテ文字,2
,,花粉症 龍角散 のど飴,2
,,花粉症 眠気,2
,,花粉症 百科,2
,,花粉症 電車の中,2
,,花粉症 ワイン,2
,,花粉症 でも大丈夫な花,2
,,花粉症 後天性,2
,,花粉症 現代病,2
,,花粉症 キャパ,2
,,花粉症 早退,2
,,花粉症 ペインクリニック,2
,,花粉症 併発,2
,,花粉症 唇,2
,,花粉症 メガネ 百均,2
,,花粉症 サプリ 乳酸菌,2
,,花粉症 プール,2
,,花粉症 バナナ,2
,,花粉症 高熱,2
,,花粉症 ローヤルゼリー,2
,,花粉症 力が入らない,2
,,花粉症 むせる,2
,,花粉症 ユーカリ,2
,,花粉症 トマト,2
,,花粉症 風邪 違い,2
,,花粉症 風邪薬,2
,,花粉症 雑学,2
,,花粉症 レメディ,2
,,花粉症 ホメオパシー,2
,,花粉症 ビタミン,2
,,花粉症 わさび,2
,,花粉症 ビューラー,2
,,花粉症 バファリン,2
,,花粉症 ティッシュ,2
,,花粉症 流行 なぜ,2
,,花粉症 シャンプー,2
,,ミュンヘン 花粉症,2
,,花粉症 ワセリン,2
,,花粉症 ワセリン 鼻 塗り方,2
,,花粉症 客室乗務員,2
,,花粉症 咳 薬,2
,,花粉症 精油,2
,,花粉症 アロマ,2
,,花粉症 ベトナム語,2
,,花粉症 悪寒,1
,,花粉症 授乳中,1
,,花粉症 チャート,1
,,花粉症 動画,1
,,花粉症 マヌカハニー,1
,,花粉症 目やに,1
,,花粉症 ザイザル 効かない,1
,,花粉症 じんましん,1
,,花粉症 ザイザル 市販,1
,,花粉症 ザイザル 飲み方,1
,,花粉症 蕁麻疹,1
,,花粉症 レベル6,1
,,花粉症 頭痛 咳,1
,,花粉症 皮膚科 飲み薬,1
,,花粉症 ブタクサ 市販薬,1
,,花粉症 塗り薬,1
,,花粉症 皮膚科 薬,1
,,花粉症 塗り薬 目,1
,,花粉症 ペット,1
,,花粉症 今日,1
,,花粉症 許容量,1
,,花粉症 表情,1
,,百合油 花粉症,1
,,花粉症 ひどい,1
,,花粉症 年中,1
,,花粉症 病気,1
,,花粉症 一年中,1
,,花粉症 勉強できない,1
,,花粉症 即効,1
,,花粉症 フランス語,1
,,花粉症 不眠,1
,,花粉症 治したい,1
,,花粉症 効く,1
,,花粉症 サプリ,1
,,花粉症 プラセンタ,1
,,花粉症 点滴,1
,,花粉症 アレグラ,1
,,花粉症 点鼻薬 おすすめ,1
,,花粉症 手話,1
,,花粉症 本,1
,,花粉症 キャラクター,1
,,花粉症 ステロイド,1
,,花粉症 倦怠感,1
,,花粉症 二重,1
,,花粉症 声枯れ,1
,,花粉症 ng,1
,,花粉症 ペリアクチン,1
,,花粉症 老人,1
,,花粉症 ブログ,1
,,花粉症 キャンペーン,1
,,花粉症 塗るマスク,1
,,花粉症 病院 妙典,1
,,花粉症 妙典,1
,,花粉症 ギャグ,1
,,花粉症 パイナップル,1
,,花粉症 びゃっこかにんじんとう,1
,,花粉症 外国人,1
,,花粉症 世界,1
,,花粉症 百均,1
,,花粉症 受診勧奨,1
,,花粉症 ピーナッツ,1
,,みょうが 花粉症,1
,,花粉症 リュウマチ,1
,,花粉症 英語 読み方,1
,,花粉症 ユーカリ ティーツリー,1
,,花粉症 逆流性食道炎,1
,,花粉症 アナフィラキシー,1
,,花粉症 食物アレルギー,1
,,花粉症 ガイドライン,1
,,花粉症 マスクメロン,1
,,花粉症 口の中が痒い,1
,,花粉症 注射 いつから,1
,,花粉症 塗り薬 フマキラー,1
,,花粉症 目薬,1
,,花粉症 目薬 逆効果,1
,,花粉症 炎症,1
,,花粉症 キャベジン,1
,,花粉症 病院 注射,1
,,花粉症 標高,1
,,花粉症 海外,1
,,花粉症 中国,1
,,花粉症 ラクトフェリン,1
,,花粉症 サングラス,1
,,花粉症 ポララミン 鼻づまり,1
,,花粉症 受験,1
,,妙蓮寺 花粉症,1
,,花粉症 レベル,1
,,花粉症 秋 咳,1
,,花粉症 緑茶 効果,1
,,花粉症 緑茶,1
,,花粉症 茶カテキン,1
,,花粉症 ポリフェノール,1
,,花粉症 飴,1
,,花粉症 ぜんそく,1
,,花粉症 ぶどう,1
,,花粉症 注射 千葉,1
,,花粉症 バイト,1
,,花粉症 目が痛い,1
,,花粉症 疑惑,1
,,花粉症 熱出る,1
,,花粉症 見分け,1
,,花粉症 を英語で,1
,,花粉症 英語,1
,,花粉症 うざい,1
,,花粉症 防塵マスク,1
,,花粉症 ガスマスク,1
,,花粉症 韓国語,1
,,花粉症 濡れマスク,1
,,花粉症 妊婦,1
,,花粉症 キャンディ,1
,,花粉症 薬 おすすめ,1
,,花粉症 ヨモギ,1
,,花粉症 略語,1
,,花粉症 乳児,1
,,花粉症 スプレー,1
,,花粉症 卒論,1
,,花粉症 出産,1
,,花粉症 休暇,1
,,花粉症 くしゃみ,1
,,花粉症 症状,1
,,花粉症 化粧,1
,,花粉症 尿潜血,1
,,花粉症 尿検査,1
,,花粉症 重度,1
,,花粉症 手術 効果,1
,,花粉症 レーザー手術,1
,,花粉症 レーザー治療 痛み,1
,,花粉症 手術,1
,,花粉症 レーザー 東京,1
,,花粉症 北陸,1
,,花粉症 高血圧 薬,1
,,花粉症 ヒューストン,1
,,花粉症 遺伝する,1
,,花粉症 nhk,1
,,花粉症 ボトックス 効果,1
,,花粉症 涙,1
,,花粉症 キャパシティ,1
,,花粉症 男女比,1
,,花粉症 耳だれ,1
,,花粉症 キンモクセイ,1
,,花粉症 デート,1
,,花粉症 ベースメイク,1
,,花粉症 増加 なぜ,1
,,花粉症 病名,1
,,花粉症 流行,1
,,花粉症 nhkスペシャル,1
,,花粉症 ラテックスアレルギー,1
,,花粉症 車,1
,,花粉症 パイロット,1
,,花粉症 じゃばら,1
,,花粉症 じゃばら 効果,1
,,花粉症 ほこり,1
,,花粉症 ゴーグル ダイソー,1
,,花粉症 沖縄,1
,,花粉症 ヒューヒュー,1
,,花粉症 咳 ヒューヒュー,1
,,喉 ヒューヒュー 花粉症,1
,,花粉症 プレドニン,1
,,花粉症 ゾレア,1
,,花粉症 ペアコール,1
,,花粉症 桃,1
,,花粉症 ものもらい,1
,,花粉症 登山,1
,,花粉症 肌荒れ,1
,,花粉症 キャッチコピー,1
42,nプラス 花粉症・ジャスミン茶・ペアコール,,
,,nプラス 花粉症,6
,,花粉症 ジャスミン茶,3
,,花粉症 ペアコール,2
,,花粉症 点鼻薬,2
,,花粉症 イラスト,2
,,花粉症 鼻水 逆流,2
,,花粉症 タバコ,2
,,花粉症 塗り薬 フマキラー,2
,,花粉症 乳製品,2
,,花粉症 キャンディ,2
,,花粉症 スプレー,2
,,花粉症 ムーンライト,2
,,花粉症 茗荷谷 病院,2
,,花粉症 プレゼント 男性,2
,,花粉症 じゃばらジャム,2
,,花粉症 キャラクター,2
,,花粉症 プレゼント,2
,,妙蓮寺 花粉症,2
,,花粉症 アレグラ,1
,,花粉症 バファリン,1
,,花粉症 ロキソニン,1
,,花粉症 新薬,1
,,花粉症 マスク おすすめ,1
,,花粉症 むくみ,1
,,花粉症 ルル,1
,,花粉症 秋 対策,1
,,花粉症 だるい,1
,,花粉症 眠い,1
,,花粉症 ブタクサ 薬,1
,,花粉症 胃腸,1
,,花粉症 両鼻 づまり,1
,,花粉症 血液検査 結果,1
,,花粉症 サプリ,1
,,花粉症 帽子,1
,,花粉症 ペットボトル,1
,,花粉症 空気清浄機,1
,,花粉症 点鼻薬 おすすめ,1
,,花粉症 抑える,1
,,花粉症 対策 牛乳,1
,,花粉症 牛乳 改善,1
,,花粉症 牛乳,1
,,花粉症 パブロン鼻炎カプセル,1
,,花粉症 吸入器,1
,,花粉症 アロマ,1
,,花粉症 風邪,1
,,みょうが 花粉症,1
,,花粉症 有名 病院,1
,,花粉症 チョコ,1
,,花粉症 東洋医学,1
,,花粉症 プラズマクラスター,1
,,花粉症 n95,1
,,花粉症 研究,1
,,花粉症 ジャニーズ,1
,,花粉症 客室乗務員,1
,,花粉症 メガネ,1
,,花粉症 飴,1
,,花粉症 ピクシブ,1
,,花粉症 憑依,1
,,花粉症 入院,1
,,花粉症 ユーカリ ティーツリー,1
,,花粉症 マスクメロン,1
,,花粉症 ペンダント,1
,,花粉症 もやし,1
,,花粉症 完治,1
,,花粉症 とは,1
,,花粉症 治る,1
,,花粉症 本,1
,,花粉症 治す,1
,,花粉症 栄養,1
,,花粉症 ミント,1
,,花粉症 チャイ,1
,,花粉症 ラクトフェリン,1
,,花粉症 麦茶,1
,,花粉症 アレルギー,1
,,花粉症 病院 妙典,1
,,花粉症 尿検査,1
,,花粉症 部屋 対策,1
,,花粉症 ものもらい,1
,,花粉症 龍角散 のど飴,1
,,花粉症 龍角散,1
,,ヒュウガトウキ 花粉症,1
,,花粉症 ヨモギ,1
,,花粉症 併発,1
,,花粉症 ミュゼ,1
,,花粉症 リュウマチ,1
,,花粉症 ペパーミント,1
,,花粉症 ぶどう,1
,,花粉症 キャンペーン,1
,,花粉症 ドリンク,1
,,百合の花 花粉症,1
,,花粉症 ロラタジン,1
,,花粉症 クラリチン,1
,,花粉症 薬 眠くならない,1
,,花粉症 デザレックス,1
,,花粉症 百度百科,1
,,妙蓮寺 花粉症 病院,1
,,花粉症 キャベジン,1
43,プラセンタ・乳酸菌 種類・ローヤルゼリー,,
,,花粉症 プラセンタ,16
,,花粉症 乳酸菌 種類,16
,,花粉症 ローヤルゼリー,14
,,花粉症 dha,12
,,花粉症 魚油,12
,,花粉症 ビタミン,12
,,花粉症 dha epa,12
,,花粉症 ヒスタミン,11
,,花粉症 パタノール,11
,,花粉症 目薬 逆効果,11
,,花粉症 乳酸菌,11
,,花粉症 プロポリス,11
,,花粉症 薬 副作用,11
,,花粉症 牛乳 悪化,11
,,花粉症 ポララミン,11
,,花粉症 ビタミンc,11
,,花粉症 目薬 コンタクト,10
,,花粉症 乳酸菌 おすすめ,10
,,花粉症 ディレグラ,10
,,花粉症 牛舎,10
,,花粉症 バナナ アレルギー,9
,,花粉症 ポリフェノール,9
,,花粉症 薬 逆効果,9
,,花粉症 乳酸菌 効果,9
,,花粉症 ヘルペス,9
,,花粉症 腸内フローラ,9
,,花粉症 ヨーグルト,9
,,花粉症 ペニシリン,9
,,花粉症 緑茶 効果,9
,,花粉症 腸内細菌,9
,,花粉症 目薬 ランキング,8
,,花粉症 薬 眠くなる,8
,,花粉症 食事,8
,,花粉症 有効な食べ物,8
,,花粉症 魚,8
,,花粉症 ザイザル 飲み方,8
,,花粉症 強力な薬,8
,,花粉症 肥満細胞,8
,,花粉症 茶 べにふうき,8
,,花粉症 脱毛,8
,,抗アレルギー薬 花粉症 を比較してみました。,7
,,花粉症 即効性 市販薬,7
,,花粉症 サプリ 乳酸菌,7
,,花粉症 薬 種類,7
,,花粉症 ロイコトリエン,7
,,花粉症 眠気,7
,,花粉症 はちみつ,7
,,花粉症 ザイザル,7
,,花粉症 薬 名前,7
,,花粉症 対策 薬,7
,,花粉症 ステロイド,7
,,花粉症 薬 牛乳,7
,,花粉症 ステロイド注射,7
,,花粉症 飲むヨーグルト,7
,,花粉症 メカニズム,7
,,花粉症 腸内環境 改善,7
,,花粉症 腸,7
,,花粉症 皮膚科 飲み薬,7
,,花粉症 腸内環境,7
,,花粉症 ボトックス,7
,,花粉症 乳酸菌 カルピス,7
,,花粉症 マヌカハニー,7
,,花粉症 お茶 べにふうき,7
,,花粉症 薬 市販,6
,,花粉症 市販薬,6
,,花粉症 目薬,6
,,花粉症 ザイザル 市販,6
,,花粉症 点眼,6
,,花粉症 ぬか漬け,6
,,花粉症 予防 食べ物,6
,,花粉症 即効性,6
,,花粉症 逆治療,6
,,花粉症 栄養,6
,,花粉症 飲み物,6
,,花粉症 眠い,6
,,花粉症 わさび,6
,,花粉症 牛乳 改善,6
,,花粉症 nhkスペシャル,6
,,花粉症 麦茶,6
,,花粉症 無気力,6
,,花粉症 鼻水 薬,6
,,花粉症 病院 薬,6
,,花粉症 薬 病院,6
,,花粉症 強い薬,6
,,花粉症 対策 牛乳,6
,,花粉症 薬 眠くならない,6
,,花粉症 原因 牛乳,6
,,花粉症 乳製品,6
,,花粉症 ルパフィン,6
,,花粉症 結膜炎,6
,,花粉症 ペパーミント,6
,,花粉症 ボトックス 効果,6
,,花粉症 ポララミン 鼻づまり,6
,,花粉症 特効薬,6
,,花粉症 薬 ザイザル,6
,,花粉症 着床,6
,,花粉症 べにふうき 甜茶,6
,,花粉症 nk細胞,6
,,花粉症 注射 ステロイド,6
,,花粉症 注射 ノイロトロピン,6
,,花粉症 ピアス,6
,,花粉症 処方薬,5
,,花粉症 ブタクサ 市販薬,5
,,花粉症 風邪薬,5
,,花粉症 ミョウバン,5
,,花粉症 ごぼう茶,5
,,花粉症 魚介類,5
,,花粉症 予防薬,5
,,花粉症 充血,5
,,花粉症 ドリンク,5
,,花粉症 ng 食べ物,5
,,花粉症 ng,5
,,花粉症 バナナ 効果,5
,,花粉症 食べ物,5
,,花粉症 対策 飲み物,5
,,花粉症 料理,5
,,花粉症 ラクトフェリン,5
,,花粉症 体質改善,5
,,花粉症 理由,5
,,花粉症 頭痛 眠気,5
,,花粉症 受容体,5
,,花粉症 薬,5
,,花粉症 キャベジン,5
,,花粉症 改善,5
,,花粉症 軽減,5
,,花粉症 即効,5
,,花粉症 抑える,5
,,花粉症 辛いもの,5
,,花粉症 バラ科アレルギー,5
,,花粉症 バラ科,5
,,花粉症 りんご,5
,,花粉症 便秘,5
,,花粉症 ペリアクチン,5
,,花粉症 効く,5
,,花粉症 フェキソフェナジン,5
,,花粉症 葛根湯,5
,,花粉症 アロマ,5
,,花粉症 茶葉,5
,,花粉症 びゃっこかにんじんとう,5
,,花粉症 癌,5
,,花粉症 ザイザル 効かない,5
,,花粉症 茶カテキン,5
,,花粉症 ハーブ,5
,,花粉症 サプリ,5
,,花粉症 牛糞,5
,,花粉症 注射 ヒスタグロビン,5
,,花粉症 口の中が痒い 対処法,5
,,花粉症 蒸しタオル,5
,,花粉症 点鼻薬 アラミスト,5
,,花粉症 アレグラ,5
,,花粉症 具合悪い,5
,,花粉症 ige,5
,,花粉症 エキナセア,5
,,花粉症 べにふうき,5
,,花粉症 ニキビ,5
,,花粉症 プロテイン,4
,,花粉症 筋トレ,4
,,花粉症 otc,4
,,花粉症 添加物,4
,,花粉症 パブロン,4
,,花粉症 パイナップル,4
,,花粉症 ラテックスアレルギー,4
,,花粉症 倦怠感,4
,,花粉症 点鼻薬 処方,4
,,花粉症 パッチ,4
,,花粉症 バナナ,4
,,花粉症 唇,4
,,花粉症 口の渇き,4
,,花粉症 炎症,4
,,花粉症 全身症状,4
,,花粉症 辛い,4
,,花粉症 高血圧 薬,4
,,花粉症 プレドニン,4
,,花粉症 牛乳,4
,,花粉症 腸内環境 嘘,4
,,花粉症 飴,4
,,花粉症 じんましん,4
,,花粉症 現代病,4
,,花粉症 精油,4
,,花粉症 ユーカリ ティーツリー,4
,,花粉症 ユーカリ,4
,,花粉症 エッセンシャルオイル,4
,,花粉症 水分,4
,,花粉症 茶,4
,,花粉症 アナフィラキシー,4
,,花粉症 ベポタスチン,4
,,花粉症 口内炎,4
,,花粉症 皮膚科 薬,4
,,花粉症 遺伝,4
,,花粉症 型アレルギー,4
,,花粉症 尿療法,4
,,花粉症 ホメオパシー,4
,,花粉症 断食,4
,,花粉症 フルーツ,4
,,花粉症 果物,4
,,花粉症 第一選択薬,4
,,花粉症 緑茶,4
,,花粉症 最新薬,4
,,花粉症 エバステル,4
,,花粉症 略語,4
,,花粉症 胃痛,4
,,花粉症 眼科,4
,,花粉症 妊婦,4
,,花粉症 ものもらい,4
,,花粉症 皮膚炎,4
,,花粉症 パッチテスト,4
,,花粉症 パイロット,4
,,花粉症 吸入薬,4
,,花粉症 頭痛薬 併用,4
,,花粉症 ミュゼ,4
,,花粉症 ピーナッツ,4
,,花粉症 手荒れ,4
,,花粉症 レメディ,4
,,花粉症 紅茶,4
,,花粉症 母乳,4
,,花粉症 授乳中,4
,,花粉症 病態,4
,,花粉症 悪寒,4
,,牛車腎気丸 花粉症,4
,,花粉症 ドーピング,4
,,花粉症 npo,3
,,花粉症 薬 おすすめ,3
,,花粉症 ルル,3
,,花粉症 きゅうり,3
,,花粉症 咳 薬,3
,,花粉症 熱っぽい,3
,,花粉症 逆効果,3
,,花粉症 検査,3
,,花粉症 涙,3
,,花粉症 症状 目,3
,,花粉症 うつる,3
,,花粉症 目,3
,,花粉症 塗り薬 目,3
,,花粉症 原理,3
,,花粉症 治療薬,3
,,花粉症 ご飯,3
,,花粉症 を治す方法,3
,,花粉症 注射 千葉,3
,,花粉症 キャンディ,3
,,花粉症 蕁麻疹,3
,,花粉症 寄生虫,3
,,花粉症 ぎょう虫,3
,,花粉症 ぶどう,3
,,花粉症 まぶた,3
,,花粉症 乳児,3
,,花粉症 レシピ,3
,,花粉症 ローズヒップ,3
,,花粉症 雑学,3
,,花粉症 病気,3
,,花粉症 桃,3
,,花粉症 何科,3
,,花粉症 梅,3
,,花粉症 お灸,3
,,花粉症 遺伝する,3
,,花粉症 デザレックス,3
,,花粉症 ビラノア,3
,,花粉症 パン,3
,,花粉症 流産,3
,,花粉症 お茶,3
,,花粉症 チョコレート 悪化,3
,,ミュンヘン 花粉症,3
,,花粉症 許容量,3
,,花粉症 キャパシティ,3
,,花粉症 ツボ,3
,,花粉症 最近,3
,,花粉症 最新,3
,,花粉症 漢方,3
,,花粉症 夜,3
,,花粉症 雨の日 ひどい,3
,,花粉症 クラリチン,3
,,花粉症 注射 いつから,3
,,花粉症 老化,3
,,花粉症 後天性,3
,,花粉症 飲み薬,3
,,花粉症 痰,3
,,花粉症 ブタクサ 薬,3
,,花粉症 モンテルカスト,3
,,花粉症 脈,3
,,花粉症 重症 治療,3
,,花粉症 抜け毛,3
,,花粉症 ドイツ語,3
,,花粉症 シャンプー,3
,,花粉症 写真,3
,,花粉症 疑惑,3
,,花粉症 力が入らない,3
,,ギャバ 花粉症,3
,,花粉症 頭痛 薬,3
,,花粉症 皮膚科,3
,,花粉症 ポカリ,3
,,花粉症 ロキソニン 効く,3
,,花粉症 原因,3
,,花粉症 咳 市販薬,3
,,花粉症 重症,3
,,花粉症 ぺニス,3
,,花粉症 気持ち悪い,3
,,花粉症 口の中が痒い,3
,,花粉症 ザイザル 授乳中,3
,,花粉症 ペアコール,3
,,花粉症 ワイン,3
,,花粉症 キャッチコピー,3
,,花粉症 注射 費用,2
,,花粉症 風邪,2
,,花粉症 全身だるい,2
,,花粉症 鼻炎,2
,,花粉症 アレルギー検査,2
,,花粉症 薬 強さ,2
,,花粉症 テスト,2
,,花粉症 グルテンフリー,2
,,花粉症 塗り薬,2
,,花粉症 薬 いつから飲む,2
,,花粉症 コーヒー,2
,,花粉症 濡れタオル,2
,,花粉症 キャベツ,2
,,花粉症 お酒,2
,,花粉症 キンモクセイ,2
,,花粉症 喘息,2
,,花粉症 筋肉痛,2
,,花粉症 バファリン,2
,,花粉症 プール,2
,,花粉症 目やに,2
,,花粉症 目が痛い,2
,,花粉症 ドテラ,2
,,花粉症 ドライアイ,2
,,花粉症 プランルカスト,2
,,花粉症 馬油,2
,,花粉症 寒気,2
,,花粉症 頭痛 吐き気,2
,,花粉症 血液検査 結果,2
,,花粉症 ペラック,2
,,花粉症 表,2
,,花粉症 龍角散 効果,2
,,花粉症 不眠,2
,,花粉症 国民病,2
,,花粉症 デトックス,2
,,花粉症 吐き気,2
,,花粉症 ランキング,2
,,花粉症 新薬,2
,,花粉症 ぼーっとする,2
,,花粉症 防止,2
,,花粉症 海外,2
,,花粉症 チョコ,2
,,花粉症 チョコレート,2
,,花粉症 温める,2
,,花粉症 マスクメロン,2
,,花粉症 むずむず,2
,,花粉症 ベジタリアン,2
,,花粉症 息苦しい,2
,,花粉症 評判 病院,2
,,花粉症 舌禍治療 効果,2
,,花粉症 保険,2
,,花粉症 舌禍治療 いつから,2
,,花粉症 根治,2
,,花粉症 舌禍治療,2
,,花粉症 特徴,2
,,花粉症 錠剤,2
,,花粉症 肌荒れ,2
,,百合油 花粉症,2
,,花粉症 ユリ,2
,,花粉症 夕方,2
,,花粉症 雨,2
,,花粉症 雨の日,2
,,花粉症 気管支炎,2
,,花粉症 注射,2
,,花粉症 老人,2
,,花粉症 増加 なぜ,2
,,花粉症 キャパ,2
,,花粉症 アレルギー,2
,,花粉症 耳,2
,,花粉症 動悸,2
,,花粉症 対処法,2
,,花粉症 治したい,2
,,花粉症 頭痛 対処法,2
,,花粉症 nhk,2
,,花粉症 病院 おすすめ,2
,,花粉症 なぜ,2
,,花粉症 流行 なぜ,2
,,花粉症 運動,2
,,花粉症 点鼻薬,2
,,花粉症 点鼻薬 おすすめ,2
,,花粉症 ぜんそく,2
,,花粉症 pop フリー,2
,,花粉症 ヒューストン,2
,,花粉症 ペット,2
,,花粉症 昔,2
,,花粉症 抜歯,2
,,花粉症 放置,2
,,花粉症 出産,2
,,花粉症 有名 病院,2
,,花粉症 通院,2
,,花粉症 注射 東京,2
,,花粉症 病院 東京,2
,,花粉症 外来,2
,,花粉症 お腹痛い,2
,,花粉症 ゼスラン,2
,,花粉症 砂糖,2
,,花粉症 突然,2
,,花粉症 東洋医学,2
,,花粉症 尿意,2
,,花粉症 どうにかしたい,2
,,ヒュミラ 花粉症,2
,,花粉症 京都,2
,,花粉症 塗り薬 ランキング,2
,,花粉症 治った,2
,,花粉症 画像,2
,,花粉症 民間療法,2
,,花粉症 通院 いつから,2
,,花粉症 でも大丈夫な花,2
,,花粉症 うざい,2
,,花粉症 百科,2
,,花粉症 動物,2
,,花粉症 影響,2
,,花粉症 表現,2
,,花粉症 どこの病院,2
,,花粉症 づ通,2
,,花粉症 鼻水 色,2
,,花粉症 江戸時代,2
,,花粉症 世界,2
,,花粉症 頭痛だけ,2
,,花粉症 減感作,2
,,花粉症 下痢,2
,,花粉症 ピロリ菌,2
,,花粉症 厚生労働省,2
,,花粉症 頭痛,2
,,nプラス 花粉症,2
,,花粉症 客室乗務員,2
,,花粉症 ストレス,2
,,花粉症 来年,2
,,花粉症 お風呂,2
,,花粉症 チャクラ,2
,,花粉症 ロラタジン,2
,,花粉症 じゃばら,2
,,花粉症 じゃばら 効果,2
,,花粉症 脈診,2
,,ヒュウガトウキ 花粉症,2
,,花粉症 重度,2
,,花粉症 ビューラー,2
,,花粉症 化粧水,2
,,花粉症 尿もれ,2
,,花粉症 尿蛋白,2
,,花粉症 食物アレルギー,1
,,花粉症 だるい,1
,,花粉症 症状 風邪,1
,,花粉症 だるさ,1
,,ピュアシナジー 花粉症,1
,,花粉症 受診,1
,,花粉症 チェック,1
,,花粉症 予防接種,1
,,花粉症 逆流性食道炎,1
,,花粉症 胸焼け,1
,,花粉症 受験,1
,,花粉症 楽になる方法,1
,,花粉症 チャイ,1
,,花粉症 楽にする方法,1
,,花粉症 芸能人,1
,,花粉症 ミント,1
,,花粉症 行政,1
,,花粉症 グラフ,1
,,花粉症 pop,1
,,花粉症 卒論,1
,,花粉症 龍角散,1
,,花粉症 尿,1
,,花粉症 茗荷谷,1
,,花粉症 利権,1
,,花粉症 勉強できない,1
,,花粉症 睡眠,1
,,花粉症 疲れる,1
,,花粉症 眠れない,1
,,花粉症 トマト,1
,,花粉症 対策,1
,,花粉症 冬場,1
,,花粉症 二重,1
,,花粉症 チャート,1
,,花粉症 舌禍治療 費用,1
,,花粉症 舌下免疫療法,1
,,花粉症 免疫療法,1
,,花粉症 舌禍治療 時期,1
,,花粉症 費用,1
,,ビャクシン 花粉症,1
,,花粉症 評価,1
,,花粉症 パブロン鼻炎カプセル,1
,,花粉症 木材,1
,,花粉症 ブロック注射,1
,,花粉症 上咽頭炎,1
,,花粉症 ブタクサ いつ,1
,,花粉症 耳鼻科,1
,,花粉症 アレルギー性鼻炎,1
,,花粉症 吸入器,1
,,花粉症 のどの痛みだけ,1
,,花粉症 秋 対策,1
,,花粉症 レーザー,1
,,花粉症 レーザー 東京,1
,,花粉症 治療,1
,,花粉症 対策 病院,1
,,花粉症 治す,1
,,花粉症 治し方,1
,,花粉症 最新治療,1
,,花粉症 完治,1
,,花粉症 療法,1
,,花粉症 逆療法,1
,,花粉症 粘膜 レーザー,1
,,花粉症 れんこん,1
,,花粉症 空気清浄機,1
,,花粉症 減感作療法 注射,1
,,花粉症 ツイッター,1
,,花粉症 口呼吸,1
,,花粉症 ワセリン 副作用,1
,,花粉症 咳 痰,1
,,花粉症 標高,1
,,花粉症 有名人,1
,,花粉症 牛肉,1
,,花粉症 ギャグ,1
,,花粉症 味覚,1
,,花粉症 頭皮,1
,,花粉症 脱水,1
,,花粉症 時期,1
,,花粉症 流行,1
,,花粉症 流行時期,1
,,花粉症 季節,1
,,花粉症 ほこり,1
,,花粉症 ルイボスティー 飲み方,1
,,花粉症 ルイボス,1
,,花粉症 両鼻 づまり,1
,,花粉症 のど,1
,,花粉症 うつ,1
,,花粉症 検査 費用,1
,,花粉症 今日,1
,,花粉症 休暇,1
,,花粉症 ジョギング,1
,,花粉症 サウナ,1
,,花粉症 胃腸,1
,,花粉症 ロキソニン,1
,,花粉症 便利,1
,,花粉症 nlp,1
,,花粉症 京都 病院,1
,,花粉症 研究,1
,,花粉症 喉,1
,,花粉症 声枯れる,1
,,花粉症 ブログ,1
,,花粉症 入院,1
,,花粉症 人口,1
,,花粉症 データ,1
,,花粉症 を英語で,1
,,花粉症 割合 日本人,1
,,花粉症 wiki,1
,,花粉症 出現期間,1
,,花粉症 割合,1
,,花粉症 定義,1
,,花粉症 わからない,1
,,花粉症 別名,1
,,花粉症 北陸,1
,,花粉症 男女比,1
,,花粉症 何月,1
,,花粉症 統計,1
,,花粉症 現在,1
,,花粉症 車,1
,,花粉症 人数,1
,,花粉症 原因 植物,1
,,花粉症 今日 種類,1
,,花粉症 種類,1
,,花粉症 正式名称,1
,,花粉症 ワクチン,1
,,花粉症 熱出る,1
,,花粉症 今,1
,,花粉症 外国人,1
,,花粉症 量,1
,,花粉症 モーニングアタック,1
,,花粉症 経済損失,1
,,花粉症 表年,1
,,花粉症 英語,1
,,花粉症 罹患率,1
,,花粉症 レベル,1
,,花粉症 北海道,1
,,花粉症 デビュー,1
,,花粉症 とは,1
,,花粉症 年間,1
,,花粉症 日本,1
,,花粉症 病院 いつ,1
,,百合の花 花粉症,1
,,花粉症 症状,1
,,花粉症 ひどい,1
,,花粉症 英語 読み方,1
,,花粉症 レベル6,1
,,花粉症 病名,1
,,花粉症 年齢,1
,,花粉症 風邪 違い,1
,,花粉症 づ痛,1
,,花粉症 この時期,1
,,花粉症 熱,1
,,花粉症 歴史,1
,,花粉症 日本人 割合,1
,,花粉症 大豆,1
,,花粉症 リュウマチ,1
,,花粉症 ペットボトル,1
,,花粉症 グルテン,1
,,花粉症 ジェネリック,1
,,花粉症 もう飛んでる,1
,,花粉症 むくみ,1
,,花粉症 マスク 逆効果,1
,,花粉症 脈拍,1
,,花粉症 尿の色,1
,,花粉症 病院 何科,1
,,花粉症 マツエク,1
,,花粉症 治る,1
,,花粉症 酒 悪化,1
,,花粉症 帽子,1
,,花粉症 表情,1
,,花粉症 もやし,1
,,花粉症 茶色い鼻水,1
,,花粉症 点滴,1
,,花粉症 喉 違和感,1
,,花粉症 発熱,1
,,花粉症 微熱,1
,,花粉症 ヨモギ,1
,,花粉症 塗り薬 フマキラー,1
,,花粉症 草,1
,,花粉症 コンタクト,1
,,花粉症 メガネ,1
,,花粉症 風呂,1
,,花粉症 掃除,1
,,花粉症 酒,1
,,花粉症 登山,1
,,花粉症 尿検査,1
,,花粉症 マスク,1
,,花粉症 減感作療法,1
,,花粉症 じゃばらジャム,1
,,ミャンマー 花粉症,1
,,花粉症 耳だれ,1
,,花粉症 顔がかゆい,1
,,花粉症 スキンケア,1
,,花粉症 ピーク,1
,,花粉症 辛さ,1
,,花粉症 尿漏れ,1
,,花粉症 n95,1
,,花粉症 部屋 対策,1
,,花粉症 ペンダント,1
,,花粉症 百度百科,1
,,みょうが 花粉症,1
,,花粉症 化粧,1
44,咳 ヒューヒュー・咳のみ・ヒューヒュー,,
,,花粉症 咳 ヒューヒュー,12
,,花粉症 咳のみ,12
,,花粉症 ヒューヒュー,11
,,花粉症 後鼻漏,11
,,花粉症 パブロン鼻炎カプセル,10
,,花粉症 バファリン,10
,,喉 ヒューヒュー 花粉症,10
,,花粉症 咳 痰,9
,,花粉症 ペラック,8
,,花粉症 鼻水 逆流,8
,,花粉症 鼻血,8
,,花粉症 逆流性食道炎,7
,,花粉症 痰,7
,,花粉症 喉 違和感,7
,,花粉症 茶色い鼻水,7
,,花粉症 動悸,6
,,百日咳 花粉症,6
,,花粉症 咳 市販薬,6
,,花粉症 喘息,6
,,花粉症 ぜんそく,6
,,花粉症 薬 副作用,5
,,花粉症 ペアコール,5
,,花粉症 高熱,5
,,花粉症 ペリアクチン,5
,,花粉症 クラリチン,5
,,花粉症 ルパフィン,5
,,花粉症 目が痛い,5
,,花粉症 龍角散 効果,5
,,花粉症 ゼスラン,5
,,花粉症 熱っぽい,5
,,花粉症 耳だれ,5
,,花粉症 悪寒,5
,,花粉症 気管支炎,5
,,花粉症 吸入薬,5
,,花粉症 むせる,5
,,花粉症 頭痛 咳,5
,,花粉症 症状 咳,5
,,花粉症 ロラタジン,4
,,花粉症 口の渇き,4
,,花粉症 ロキソニン,4
,,花粉症 高血圧 薬,4
,,花粉症 ディレグラ,4
,,花粉症 脈,4
,,花粉症 アレグラ,4
,,花粉症 パブロン,4
,,花粉症 風邪薬,4
,,花粉症 上咽頭炎,4
,,花粉症 ザイザル 授乳中,4
,,花粉症 ビラノア,4
,,花粉症 咳 薬,4
,,花粉症 アナフィラキシー,4
,,花粉症 モンテルカスト,4
,,花粉症 点鼻薬,4
,,花粉症 味がしない,4
,,花粉症 尿蛋白,4
,,花粉症 吸入器,4
,,花粉症 エバステル,3
,,花粉症 頭痛薬 併用,3
,,花粉症 デザレックス,3
,,花粉症 蕁麻疹,3
,,花粉症 龍角散,3
,,花粉症 鼻 づまり,3
,,花粉症 尿意,3
,,花粉症 鼻づまり,3
,,花粉症 倦怠感,3
,,花粉症 脈拍,3
,,花粉症 ポララミン,3
,,花粉症 熱出る,3
,,花粉症 症状 頭痛,3
,,花粉症 点鼻薬 処方,3
,,花粉症 寒気,3
,,花粉症 お腹痛い,3
,,花粉症 点鼻薬 アラミスト,3
,,花粉症 全身だるい,3
,,花粉症 微熱,3
,,花粉症 咳,3
,,花粉症 ルル,3
,,花粉症 味覚,3
,,花粉症 鼻水 色,3
,,花粉症 薬 市販,3
,,花粉症 ポララミン 鼻づまり,3
,,花粉症 病名,3
,,花粉症 熱,3
,,花粉症 尿潜血,3
,,花粉症 声枯れ,3
,,花粉症 耳鳴り,3
,,花粉症 入院,3
,,花粉症 息苦しい,3
,,花粉症 キャベジン,2
,,花粉症 注射 ヒスタグロビン,2
,,花粉症 鼻水 薬,2
,,花粉症 ロキソニン 効く,2
,,花粉症 じんましん,2
,,花粉症 目やに,2
,,花粉症 授乳中,2
,,花粉症 造影剤,2
,,百合油 花粉症,2
,,花粉症 づ痛,2
,,花粉症 発熱,2
,,花粉症 頭痛だけ,2
,,花粉症 ゾレア,2
,,花粉症 プランルカスト,2
,,花粉症 頭痛 眠気,2
,,花粉症 胸焼け,2
,,花粉症 力が入らない,2
,,花粉症 胃腸,2
,,花粉症 頭痛 薬,2
,,花粉症 薬 いつから飲む,2
,,花粉症 蒸しタオル,2
,,花粉症 だるさ,2
,,花粉症 ザイザル 効かない,2
,,花粉症 ザイザル,2
,,花粉症 薬 ザイザル,2
,,花粉症 ザイザル 市販,2
,,花粉症 点鼻薬 おすすめ,2
,,花粉症 炎症,2
,,花粉症 放置,2
,,花粉症 だるい,2
,,花粉症 全身症状,2
,,花粉症 声枯れる,2
,,花粉症 声が枯れる,2
,,花粉症 むくみ,2
,,花粉症 ベポタスチン,2
,,花粉症 ぶどう,2
,,抗アレルギー薬 花粉症 を比較してみました。,2
,,花粉症 薬 逆効果,2
,,花粉症 特徴,2
,,花粉症 疲れる,2
,,花粉症 風邪,2
,,花粉症 どうにかしたい,2
,,花粉症 急に,2
,,花粉症 急に治る,2
,,花粉症 フェキソフェナジン,1
,,花粉症 免疫療法,1
,,花粉症 眠気,1
,,花粉症 フランス語,1
,,花粉症 キンモクセイ,1
,,妙蓮寺 花粉症 病院,1
,,花粉症 併発,1
,,花粉症 スプレー,1
,,花粉症 添加物,1
,,花粉症 目薬,1
,,花粉症 点眼,1
,,花粉症 飲み薬,1
,,花粉症 ブタクサ 市販薬,1
,,花粉症 ロイコトリエン,1
,,花粉症 充血,1
,,花粉症 パタノール,1
,,花粉症 尿の色,1
,,花粉症 ほてり,1
,,花粉症 頭痛,1
,,花粉症 づ通,1
,,花粉症 症状,1
,,花粉症 病院 薬,1
,,花粉症 薬 病院,1
,,花粉症 尿検査,1
,,花粉症 ザイザル 飲み方,1
,,花粉症 吐き気,1
,,花粉症 原因 牛乳,1
,,花粉症 脈診,1
,,花粉症 正式名称,1
,,花粉症 食物アレルギー,1
,,花粉症 下痢,1
,,花粉症 定義,1
,,花粉症 シャンプー,1
,,花粉症 病気,1
,,花粉症 北陸,1
,,花粉症 薬 牛乳,1
,,花粉症 ヒスタミン,1
,,花粉症 ひどい,1
,,花粉症 薬 種類,1
,,花粉症 耳,1
,,花粉症 胃痛,1
,,花粉症 脱水,1
,,花粉症 葛根湯,1
,,花粉症 うつ,1
,,花粉症 不眠,1
,,花粉症 ラテックスアレルギー,1
,,花粉症 レーザー 東京,1
,,花粉症 老化,1
,,花粉症 百度百科,1
,,花粉症 目薬 コンタクト,1
,,花粉症 両鼻 づまり,1
,,花粉症 牛糞,1
,,花粉症 扁桃腺 痛い,1
,,花粉症 扁桃腺,1
,,花粉症 びゃっこかにんじんとう,1
,,花粉症 ダニ,1
,,花粉症 症状 目,1
,,花粉症 コーヒー,1
,,花粉症 首の痛み,1
,,花粉症 眠れない,1
,,花粉症 症状 風邪,1
,,花粉症 筋肉痛,1
,,花粉症 見分け,1
,,花粉症 わからない,1
,,花粉症 風邪 違い,1
,,花粉症 喉が痛い,1
,,花粉症 喉の痛み,1
,,花粉症 対処法,1
,,花粉症 むずむず,1
,,花粉症 ミョウバン,1
,,花粉症 うざい,1
,,百合の花 花粉症,1
,,花粉症 口の中が痒い 対処法,1
,,花粉症 頭痛 対処法,1
,,花粉症 特効薬,1
,,花粉症 パッチ,1
,,花粉症 錠剤,1
,,花粉症 プレドニン,1
,,花粉症 急になる,1
,,花粉症 うつる,1
,,花粉症 ガイドライン,1
,,花粉症 第一選択薬,1
,,花粉症 強力な薬,1
,,花粉症 略語,1
,,花粉症 動物,1
,,花粉症 即効性,1
,,花粉症 鼻 づまり 解消,1
,,花粉症 即効,1
,,花粉症 頭痛 吐き気,1
,,花粉症 病院 注射,1
,,花粉症 めまい,1
,,花粉症 口の中が痒い,1
,,花粉症 尿,1
,,花粉症 ペニシリン,1
,,花粉症 市販薬,1
,,花粉症 otc,1
,,花粉症 塗るマスク,1
,,花粉症 ものもらい,1
,,花粉症 塗り薬 目,1
,,花粉症 まぶた,1
,,花粉症 パイロット,1
45,手術 効果・手術・レーザー手術,,
,,花粉症 手術 効果,18
,,花粉症 手術,18
,,花粉症 レーザー手術,18
,,花粉症 舌禍治療 費用,18
,,花粉症 粘膜 レーザー,17
,,花粉症 レーザー治療 痛み,17
,,花粉症 レーザー,16
,,花粉症 検査 費用,16
,,花粉症 減感作療法 注射,16
,,花粉症 ラジオ波治療,15
,,花粉症 舌禍治療 効果,15
,,花粉症 減感作療法,14
,,花粉症 早期治療,13
,,花粉症 病院 何科,13
,,花粉症 病院 注射,13
,,花粉症 減感作,13
,,花粉症 舌禍治療 時期,13
,,花粉症 舌禍治療,13
,,花粉症 対策 病院,12
,,花粉症 検査,12
,,花粉症 舌禍治療 いつから,12
,,花粉症 治療,12
,,花粉症 初期療法,12
,,花粉症 費用,12
,,花粉症 予防 病院,11
,,花粉症 テスト,11
,,花粉症 アレルギー検査,11
,,花粉症 皮下注射,11
,,花粉症 注射,11
,,花粉症 レーザー 東京,11
,,花粉症 舌下免疫療法,11
,,花粉症 療法,11
,,花粉症 注射 いつから,11
,,花粉症 ダニ,11
,,花粉症 注射 費用,11
,,花粉症 内科,11
,,花粉症 皮下免疫療法,11
,,花粉症 受診,11
,,花粉症 外来,10
,,花粉症 アレルギー性鼻炎,10
,,花粉症 豆乳,10
,,花粉症 血液検査 結果,10
,,花粉症 ラテックスアレルギー,10
,,花粉症 予防接種,10
,,花粉症 通院 いつから,10
,,花粉症 注射 ステロイド,10
,,花粉症 何科,10
,,花粉症 口の中が痒い,10
,,花粉症 もやし,9
,,花粉症 通院,9
,,花粉症 鼻炎,9
,,花粉症 口の中,9
,,花粉症 病名,9
,,花粉症 根治,9
,,花粉症 食物アレルギー,9
,,花粉症 病院,8
,,花粉症 どこの病院,8
,,花粉症 涙,8
,,花粉症 保険,8
,,花粉症 型アレルギー,8
,,花粉症 結膜炎,8
,,花粉症 免疫療法,8
,,花粉症 子供,8
,,花粉症 正式名称,8
,,花粉症 アレルギー,8
,,花粉症 一年中,8
,,花粉症 ステロイド注射,8
,,花粉症 ほてり,8
,,花粉症 完治,8
,,花粉症 第一選択薬,7
,,花粉症 大豆,7
,,花粉症 目やに,7
,,花粉症 チェック,7
,,花粉症 蕁麻疹,7
,,花粉症 影響,7
,,花粉症 両鼻 づまり,7
,,花粉症 耳鼻科,7
,,花粉症 皮膚科 薬,7
,,花粉症 バナナ アレルギー,7
,,花粉症 胃腸,7
,,花粉症 最新治療,7
,,花粉症 民間療法,7
,,花粉症 唇,7
,,花粉症 重症 治療,7
,,花粉症 パッチテスト,7
,,花粉症 バラ科アレルギー,7
,,花粉症 ワクチン,7
,,花粉症 別名,7
,,花粉症 くしゃみ,7
,,花粉症 注射 東京,7
,,花粉症 年中,7
,,花粉症 有名 病院,6
,,花粉症 充血,6
,,花粉症 まぶた,6
,,花粉症 わからない,6
,,花粉症 点鼻薬 処方,6
,,花粉症 治療薬,6
,,花粉症 乳児,6
,,花粉症 治し方,6
,,花粉症 逆治療,6
,,花粉症 口の中が痒い 対処法,6
,,花粉症 鼻血,6
,,花粉症 新薬,6
,,花粉症 逆療法,6
,,花粉症 皮膚科 飲み薬,6
,,花粉症 予防薬,6
,,花粉症 受容体,6
,,花粉症 眼科,6
,,花粉症 パッチ,6
,,花粉症 注射 ヒスタグロビン,6
,,花粉症 注射 ノイロトロピン,6
,,花粉症 病気,6
,,花粉症 ブロック注射,6
,,花粉症 ボトックス 効果,6
,,花粉症 とは,6
,,花粉症 対策 薬,6
,,花粉症 風邪 違い,6
,,花粉症 トマト,6
,,花粉症 きゅうり,6
,,花粉症 ステロイド,6
,,花粉症 りんご,6
,,花粉症 果物,6
,,花粉症 入院,5
,,花粉症 点鼻薬,5
,,花粉症 京都 病院,5
,,花粉症 京都,5
,,花粉症 バラ科,5
,,花粉症 表情,5
,,花粉症 写真,5
,,花粉症 治る,5
,,花粉症 治したい,5
,,花粉症 点鼻薬 おすすめ,5
,,花粉症 飲み薬,5
,,花粉症 強い薬,5
,,花粉症 口内炎,5
,,花粉症 皮膚科,5
,,花粉症 錠剤,5
,,花粉症 熱出る,5
,,花粉症 薬,5
,,花粉症 病院 いつ,5
,,花粉症 病院 薬,5
,,花粉症 薬 病院,5
,,花粉症 病院 おすすめ,5
,,花粉症 乳酸菌 効果,5
,,花粉症 ピーナッツ,5
,,花粉症 防止,5
,,花粉症 予防,5
,,花粉症 発熱,5
,,花粉症 レベル6,5
,,花粉症 ブタクサ 薬,5
,,花粉症 準備,5
,,花粉症 耳,5
,,花粉症 喉,5
,,花粉症 定義,5
,,花粉症 鼻水,5
,,花粉症 風邪,5
,,花粉症 顔がかゆい,5
,,花粉症 喉のかゆみ,5
,,花粉症 アナフィラキシー,5
,,花粉症 wiki,5
,,花粉症 ボトックス,5
,,花粉症 桃,5
,,花粉症 見分け,5
,,花粉症 フルーツ,5
,,花粉症 全身症状,4
,,花粉症 めまい,4
,,花粉症 評判 病院,4
,,花粉症 尿療法,4
,,花粉症 目が痛い,4
,,花粉症 症状 目,4
,,花粉症 パイナップル,4
,,花粉症 受験,4
,,花粉症 対策 鼻,4
,,花粉症 鼻 づまり,4
,,花粉症 鼻づまり,4
,,花粉症 評価,4
,,花粉症 微熱,4
,,花粉症 後天性,4
,,花粉症 づ通,4
,,花粉症 症状,4
,,花粉症 改善,4
,,花粉症 体質改善,4
,,花粉症 治す,4
,,花粉症 注射 千葉,4
,,花粉症 薬 いつから飲む,4
,,花粉症 塗り薬 目,4
,,花粉症 点鼻薬 アラミスト,4
,,花粉症 標準治療,4
,,花粉症 抑える,4
,,花粉症 薬 種類,4
,,花粉症 原理,4
,,花粉症 抜歯,4
,,花粉症 ロイコトリエン,4
,,花粉症 吐き気,4
,,花粉症 何月,4
,,花粉症 急に治る,4
,,花粉症 吸入薬,4
,,花粉症 尿,4
,,花粉症 出現期間,4
,,花粉症 頭痛薬 併用,4
,,花粉症 プレドニン,4
,,花粉症 今,4
,,花粉症 薬 眠くなる,4
,,花粉症 だるい,4
,,花粉症 息苦しい,4
,,花粉症 ige,4
,,花粉症 併発,4
,,花粉症 うつる,4
,,花粉症 症状 風邪,4
,,花粉症 ススキ,4
,,花粉症 バナナ,4
,,喉 ヒューヒュー 花粉症,4
,,花粉症 ぶどう,4
,,花粉症 点眼,4
,,花粉症 声枯れ,4
,,花粉症 ほこり,4
,,花粉症 妊婦,4
,,花粉症 病院 東京,3
,,花粉症 研究,3
,,花粉症 目,3
,,花粉症 味覚,3
,,花粉症 放置,3
,,花粉症 を治す方法,3
,,花粉症 楽にする方法,3
,,花粉症 茗荷谷,3
,,花粉症 入浴,3
,,花粉症 今日 大阪,3
,,花粉症 コンタクト,3
,,花粉症 咳 痰,3
,,花粉症 痰,3
,,花粉症 スギ,3
,,花粉症 薬 逆効果,3
,,花粉症 授乳中,3
,,花粉症 でも大丈夫な花,3
,,花粉症 倦怠感,3
,,花粉症 ドライアイ,3
,,花粉症 ゾレア,3
,,花粉症 ぼーっとする,3
,,花粉症 厚生労働省,3
,,花粉症 レベル,3
,,花粉症 薬 名前,3
,,花粉症 即効性,3
,,花粉症 頭痛,3
,,花粉症 パン,3
,,花粉症 お腹痛い,3
,,花粉症 ゼスラン,3
,,花粉症 軽減,3
,,花粉症 現在,3
,,花粉症 ブタクサ 市販薬,3
,,花粉症 熱っぽい,3
,,花粉症 市販薬,3
,,花粉症 薬 市販,3
,,花粉症 鼻水 薬,3
,,花粉症 急に,3
,,花粉症 づ痛,3
,,花粉症 風邪薬,3
,,花粉症 処方薬,3
,,花粉症 ヒューヒュー,3
,,花粉症 動物,3
,,花粉症 逆効果,3
,,花粉症 食べ物,3
,,花粉症 時期,3
,,花粉症 咳 薬,3
,,花粉症 咳,3
,,花粉症 目薬,3
,,花粉症 プランルカスト,3
,,花粉症 頭痛 眠気,3
,,花粉症 頭痛だけ,3
,,花粉症 喉が痛い,3
,,花粉症 のど,3
,,花粉症 のどの痛みだけ,3
,,花粉症 だるさ,3
,,花粉症 強力な薬,3
,,花粉症 遺伝する,3
,,花粉症 ブログ,3
,,花粉症 熱,3
,,花粉症 症状 秋,3
,,花粉症 キンモクセイ,3
,,花粉症 下痢,3
,,花粉症 米,3
,,花粉症 カレンダー,3
,,花粉症 雑誌,3
,,花粉症 イネ科,3
,,花粉症 皮膚炎,3
,,花粉症 気持ち悪い,3
,,花粉症 昔は無かった,3
,,花粉症 乳酸菌,3
,,花粉症 牛肉,2
,,花粉症 むくみ,2
,,花粉症 略語,2
,,花粉症 酒 悪化,2
,,花粉症 尿漏れ,2
,,花粉症 じんましん,2
,,花粉症 味がしない,2
,,花粉症 病態,2
,,花粉症 眠れない,2
,,花粉症 パイロット,2
,,花粉症 治った,2
,,花粉症 本,2
,,花粉症 リンパ,2
,,花粉症 ぜんそく,2
,,花粉症 ガイドライン,2
,,花粉症 飴,2
,,花粉症 ブタクサ,2
,,花粉症 眠い,2
,,花粉症 ドイツ語,2
,,花粉症 頭痛 吐き気,2
,,花粉症 バナナ 効果,2
,,花粉症 便利,2
,,花粉症 もう飛んでる,2
,,花粉症 最新薬,2
,,花粉症 楽になる方法,2
,,花粉症 薬 強さ,2
,,花粉症 乳酸菌 種類,2
,,花粉症 問診票,2
,,花粉症 理由,2
,,花粉症 年齢,2
,,花粉症 ザイザル 授乳中,2
,,花粉症 許容量,2
,,花粉症 後鼻漏,2
,,花粉症 ものもらい,2
,,花粉症 ピアス,2
,,妙蓮寺 花粉症,2
,,妙蓮寺 花粉症 病院,2
,,花粉症 年間,2
,,花粉症 経済損失,2
,,花粉症 無気力,2
,,花粉症 ヒスタミン,2
,,花粉症 鼻水 逆流,2
,,花粉症 東洋医学,2
,,花粉症 ワセリン 副作用,2
,,花粉症 パタノール,2
,,花粉症 来年,2
,,花粉症 症状 頭痛,2
,,花粉症 歴史,2
,,花粉症 ペインクリニック,2
,,花粉症 牛乳,2
,,花粉症 1 月,2
,,花粉症 疑惑,2
,,花粉症 即効性 市販薬,2
,,花粉症 原因,2
,,花粉症 原因 植物,2
,,花粉症 種類,2
,,花粉症 メカニズム,2
,,花粉症 行政,2
,,花粉症 老人,2
,,花粉症 受診勧奨,2
,,花粉症 眠気,2
,,抗アレルギー薬 花粉症 を比較してみました。,2
,,花粉症 ユリ,2
,,花粉症 ブタクサ いつ,2
,,花粉症 頭痛 咳,2
,,花粉症 重度,2
,,花粉症 otc,2
,,花粉症 点滴,2
,,花粉症 ヒューストン,2
,,花粉症 重症,2
,,花粉症 兵庫県,2
,,花粉症 nhk,2
,,花粉症 雑草,2
,,花粉症 高血圧 薬,2
,,花粉症 喘息,2
,,花粉症 筋トレ,2
,,花粉症 鼻水 色,2
,,花粉症 症状 咳,2
,,花粉症 頭痛 対策,2
,,花粉症 咳のみ,2
,,花粉症 声が枯れる,2
,,花粉症 寒気,2
,,花粉症 喉の痛み,2
,,花粉症 悪寒,2
,,花粉症 声枯れる,2
,,花粉症 ブタクサ 症状,2
,,花粉症 吸入器,2
,,花粉症 国民病,2
,,花粉症 遺伝,2
,,花粉症 スキンケア,2
,,花粉症 卒論,2
,,花粉症 百科,2
,,花粉症 防ぐ,2
,,花粉症 モーニングアタック,2
,,花粉症 ピロリ菌,2
,,花粉症 むせる,2
,,花粉症 ポララミン 鼻づまり,2
,,花粉症 デビュー,2
,,花粉症 特徴,2
,,花粉症 秋 咳,2
,,花粉症 梅,2
,,花粉症 ヨモギ,2
,,花粉症 病院 妙典,2
,,花粉症 妙典,2
,,花粉症 キャベツ,2
,,花粉症 デザレックス,2
,,花粉症 ビラノア,2
,,花粉症 疲れる,2
,,花粉症 急になる,2
,,花粉症 むずむず,2
,,花粉症 特効薬,2
,,花粉症 乳酸菌 おすすめ,2
,,花粉症 塗り薬 ランキング,2
,,花粉症 治験,2
,,花粉症 耳鳴り,1
,,花粉症 キャパ,1
,,花粉症 女子,1
,,花粉症 口の渇き,1
,,花粉症 ポスター,1
,,花粉症 うつ,1
,,花粉症 口呼吸,1
,,花粉症 パレオな男,1
,,花粉症 この時期,1
,,花粉症 行徳,1
,,花粉症 寄生虫,1
,,花粉症 ユーカリ,1
,,花粉症 薬 おすすめ,1
,,花粉症 登山,1
,,花粉症 最新,1
,,花粉症 鼻 づまり 解消,1
,,ミュージシャン 花粉症,1
,,花粉症 洗濯物,1
,,花粉症 dha,1
,,花粉症 dha epa,1
,,花粉症 ジャニーズ,1
,,花粉症 プレゼント 女性,1
,,花粉症 尿もれ,1
,,花粉症 プラセンタ,1
,,花粉症 頭痛 薬,1
,,花粉症 風呂,1
,,花粉症 データ,1
,,花粉症 ラクトフェリン,1
,,花粉症 着床,1
,,花粉症 力が入らない,1
,,花粉症 量,1
,,花粉症 動画,1
,,花粉症 全身だるい,1
,,花粉症 行政 対策,1
,,百合の花 花粉症,1
,,花粉症 プロテイン,1
,,花粉症 ng,1
,,花粉症 喉 違和感,1
,,花粉症 なぜ,1
,,花粉症 べにふうき,1
,,花粉症 ドリンク,1
,,花粉症 パンフレット,1
,,花粉症 パブロン,1
,,花粉症 パブロン鼻炎カプセル,1
,,花粉症 扁桃腺,1
,,花粉症 扁桃腺 痛い,1
,,花粉症 ng 食べ物,1
,,花粉症 牛乳 改善,1
,,花粉症 ストレス,1
,,花粉症 ブタクサ 時期,1
,,花粉症 チョコ,1
,,花粉症 辛い,1
,,花粉症 流行時期,1
,,花粉症 冬,1
,,花粉症 秋,1
,,花粉症 どうにかしたい,1
,,花粉症 辛さ,1
,,花粉症 炎症,1
,,花粉症 耳だれ,1
,,花粉症 対策,1
,,花粉症 対処法,1
,,花粉症 季節,1
,,花粉症 イラスト,1
,,花粉症 母乳,1
,,花粉症 リュウマチ,1
,,花粉症 罹患率,1
,,花粉症 有病率,1
,,花粉症 最近,1
,,花粉症 月別,1
,,花粉症 ドテラ,1
,,花粉症 頭皮,1
,,花粉症 チャイ,1
,,花粉症 胸焼け,1
,,花粉症 nhkスペシャル,1
,,花粉症 流行 なぜ,1
,,花粉症 夜,1
,,花粉症 雨の日 ひどい,1
,,花粉症 ひどい,1
,,花粉症 表,1
,,花粉症 高熱,1
,,花粉症 脱水,1
,,花粉症 木材,1
,,花粉症 雑学,1
,,花粉症 原因 牛乳,1
,,花粉症 薬 牛乳,1
,,花粉症 精油,1
,,花粉症 アロマ,1
,,花粉症 ハーブ,1
,,花粉症 割合 日本人,1
,,花粉症 ぬか漬け,1
,,花粉症 牛乳 悪化,1
,,花粉症 チョコレート 悪化,1
,,花粉症 日本人 割合,1
,,花粉症 ミント,1
,,花粉症 ミョウバン,1
,,花粉症 ルパフィン,1
,,花粉症 不眠,1
,,花粉症 キャンディ,1
,,花粉症 百合,1
,,花粉症 濡れタオル,1
,,花粉症 速報,1
,,花粉症 上咽頭炎,1
,,花粉症 昔,1
,,花粉症 モンテルカスト,1
,,花粉症 酒,1
,,花粉症 ゴーグル ダイソー,1
,,花粉症 電車の中,1
,,花粉症 北陸,1
,,花粉症 勉強できない,1
,,花粉症 お灸,1
,,花粉症 茶,1
,,花粉症 お茶,1
,,花粉症 エキナセア,1
,,みょうが 花粉症,1
,,花粉症 ごぼう茶,1
,,花粉症 塗り薬,1
,,花粉症 サプリ,1
,,花粉症 サプリ 乳酸菌,1
,,花粉症 ヨーグルト,1
,,花粉症 ビタミンc,1
,,花粉症 水分,1
,,花粉症 デトックス,1
,,花粉症 キャッチコピー,1
,,花粉症 宇都宮,1
,,花粉症 人口,1
,,花粉症 耳つぼ,1
,,花粉症 茗荷谷 病院,1
,,花粉症 茶色い鼻水,1
,,花粉症 今日 種類,1
,,花粉症 ポスター 厚生労働省,1
,,花粉症 チャート,1
,,花粉症 睡眠,1
,,花粉症 目薬 コンタクト,1
,,花粉症 掃除機,1
,,花粉症 空気清浄機,1
,,花粉症 掃除,1
,,花粉症 癌,1
,,花粉症 乳酸菌 カルピス,1
,,花粉症 紅茶,1
,,花粉症 流産,1
,,花粉症 尿検査,1
,,花粉症 ランキング,1
,,花粉症 ペット,1
,,花粉症 ルイボスティー 飲み方,1
,,花粉症 ルイボス,1
,,花粉症 尿潜血,1
,,花粉症 蒸しタオル,1
,,花粉症 ベポタスチン,1
,,花粉症 クラリチン,1
,,花粉症 ポララミン,1
,,花粉症 ガイドライン 2018,1
,,花粉症 ロラタジン,1
,,花粉症 標高,1
,,花粉症 男女比,1
,,花粉症 手荒れ,1
,,花粉症 気管支炎,1
,,花粉症 流行,1
,,花粉症 予防 食べ物,1
,,花粉症 ザイザル 効かない,1
,,花粉症 咳 市販薬,1
,,花粉症 薬 眠くならない,1
,,花粉症 ザイザル,1
,,花粉症 薬 ザイザル,1
,,花粉症 ザイザル 市販,1
,,花粉症 ザイザル 飲み方,1
,,花粉症 布団,1
,,花粉症 ぎょう虫,1
,,花粉症 エバステル,1
46,客室乗務員・ぺニス・キャッチコピー,,
,,花粉症 客室乗務員,3
,,花粉症 ぺニス,2
,,花粉症 キャッチコピー,1
,,花粉症 キャラクター,1
,,花粉症 休暇,1
,,花粉症 ドライアイ,1
,,花粉症 充血,1
,,花粉症 両鼻 づまり,1
,,花粉症 ドイツ語,1
,,花粉症 pop,1
,,花粉症 中国語,1
,,花粉症 尿潜血,1
,,花粉症 ギャグ,1
,,花粉症 チャクラ,1
,,花粉症 ポケットティッシュ,1
,,花粉症 茶葉,1
,,花粉症 許容量,1
,,花粉症 今日 ひどい ツイッター,1
,,花粉症 ポカリ,1
,,花粉症 芸能人,1
,,花粉症 ポルトガル語,1
,,花粉症 ピクシブ,1
,,花粉症 ゴーグル,1
47,業務効率・ミュンヘン 花粉症・沖縄,,
,,花粉症 業務効率,2
,,ミュンヘン 花粉症,2
,,花粉症 沖縄,1
,,花粉症 ルル,1
,,花粉症 対策 薬,1
,,花粉症 薬 いつから飲む,1
,,花粉症 目薬 逆効果,1
,,花粉症 pop,1
,,花粉症 飲み薬,1
,,花粉症 イラスト,1
,,花粉症 頭痛だけ,1
,,花粉症 目薬,1
,,花粉症 ベポタスチン,1
,,花粉症 点眼,1
,,花粉症 ドテラ,1
,,花粉症 遺伝,1
,,花粉症 論文,1
,,花粉症 北海道 時期,1
,,花粉症 休暇,1
,,花粉症 憑依,1
,,花粉症 英語,1
,,花粉症 ペット,1
,,花粉症 お灸,1
,,ミュージシャン 花粉症,1
,,花粉症 割合 日本人,1
,,花粉症 日本人 割合,1
,,花粉症 癌,1
,,花粉症 咳 薬,1
,,ミャンマー 花粉症,1
,,花粉症 留学,1
48,フェキソフェナジン・目薬 ランキング・ロラタジン,,
,,花粉症 フェキソフェナジン,3
,,花粉症 目薬 ランキング,2
,,花粉症 ロラタジン,2
,,花粉症 エバステル,2
,,花粉症 ザイザル 授乳中,2
,,花粉症 デザレックス,2
,,花粉症 ポカリ,2
,,花粉症 頭痛 眠気,2
,,花粉症 ルパフィン,2
,,花粉症 ガスマスク,2
,,妙蓮寺 花粉症 病院,2
,,花粉症 サプリ 乳酸菌,1
,,花粉症 塗り薬 ランキング,1
,,花粉症 点鼻薬 おすすめ,1
,,花粉症 薬 おすすめ,1
,,花粉症 目薬,1
,,花粉症 点鼻薬 アラミスト,1
,,花粉症 ザイザル 効かない,1
,,花粉症 ザイザル,1
,,花粉症 薬 ザイザル,1
,,花粉症 ザイザル 飲み方,1
,,花粉症 パタノール,1
,,花粉症 エッセンシャルオイル,1
,,花粉症 ムーンライト,1
,,花粉症 エアコン,1
,,花粉症 点滴,1
,,花粉症 バイク,1
,,花粉症 ドーピング,1
,,花粉症 吸入薬,1
,,花粉症 吸入器,1
,,花粉症 ステロイド,1
,,花粉症 薬 いつから飲む,1
,,花粉症 外国人,1
,,花粉症 ポルトガル語,1
,,花粉症 中国語,1
,,花粉症 韓国語,1
,,花粉症 ペットボトル,1
,,花粉症 注射 費用,1
,,花粉症 塗り薬 フマキラー,1
,,花粉症 罹患率,1
,,花粉症 有病率 都道府県,1
,,花粉症 出現期間,1
,,花粉症 統計,1
,,花粉症 有病率,1
,,花粉症 気持ち悪い,1
,,花粉症 吐き気,1
,,花粉症 口の渇き,1
,,花粉症 クラリチン,1
,,花粉症 頭痛 ツボ,1
,,花粉症 シャンプー,1
,,ピュアシナジー 花粉症,1
,,花粉症 悪寒,1
,,nプラス 花粉症,1
,,花粉症 尿路結石,1
,,花粉症 ビラノア,1
,,花粉症 マスク 高級,1
,,花粉症 休暇,1
,,花粉症 アレグラ,1
,,花粉症 ぺニス,1
,,花粉症 ベポタスチン,1
,,花粉症 茗荷谷,1
,,花粉症 茗荷谷 病院,1
,,花粉症 受診勧奨,1
,,花粉症 モンテルカスト,1
,,花粉症 レメディ,1
,,花粉症 ホメオパシー,1
,,花粉症 ジェネリック,1
,,妙蓮寺 花粉症,1
,,花粉症 肌荒れ,1
,,花粉症 化粧,1
,,花粉症 ベースメイク,1
,,花粉症 便利,1
,,花粉症 ペンダント,1
,,花粉症 ぶどう,1
,,花粉症 ぬか漬け,1
,,花粉症 パン,1
,,花粉症 防塵マスク,1
,,花粉症 チャート,1
,,花粉症 本,1
,,花粉症 今,1
,,花粉症 最新薬,1
,,花粉症 ポケットティッシュ,1
,,ヒュミラ 花粉症,1
,,花粉症 流産,1
,,花粉症 出産,1
,,花粉症 着床,1
49,nlp・日向翔陽 花粉症・便秘,,
,,花粉症 nlp,3
,,日向翔陽 花粉症,3
,,花粉症 便秘,2
,,花粉症 手話,2
,,花粉症 キャンプ,2
,,花粉症 ワセリン,2
,,花粉症 バイト,2
,,ミュージシャン 花粉症,2
,,花粉症 休暇,2
,,花粉症 ガイドライン,1
,,花粉症 ガイドライン 2018,1
,,花粉症 病院 東京,1
,,花粉症 耳鼻科,1
,,花粉症 病院 おすすめ,1
,,花粉症 ピアス,1
,,花粉症 レーザー 東京,1
,,花粉症 本,1
,,花粉症 世界,1
,,花粉症 ニキビ,1
,,花粉症 肌荒れ,1
,,花粉症 はちみつ,1
,,花粉症 お酒,1
,,花粉症 雑学,1
,,花粉症 病院 妙典,1
,,花粉症 妙典,1
,,花粉症 プレゼント,1
,,花粉症 マツエク,1
,,花粉症 キャベツ,1
,,花粉症 ワセリン 鼻 塗り方,1
,,花粉症 エバステル,1
,,花粉症 お灸,1
,,花粉症 ミュゼ,1
,,花粉症 牛糞,1
,,花粉症 チャイ,1
,,花粉症 べにふうき 甜茶,1
,,花粉症 乳酸菌 効果,1
,,花粉症 ヨーグルト,1
,,花粉症 乳酸菌 カルピス,1
,,花粉症 乳酸菌,1
,,花粉症 ぺニス,1
,,花粉症 プレゼント 女性,1
,,花粉症 ギャグ,1
,,花粉症 パイロット,1
,,花粉症 胃腸,1
,,花粉症 客室乗務員,1
,,花粉症 ジェネリック,1
,,花粉症 ヒューストン,1
,,花粉症 表情,1
,,花粉症 行徳,1
,,花粉症 じゃばら,1
,,花粉症 ドリンク,1
,,花粉症 じゃばらジャム,1
,,花粉症 百合,1
,,花粉症 ヒューマンエラー,1
,,花粉症 有名人,1
,,花粉症 芸能人,1
,,花粉症 京都,1
,,花粉症 便利,1
,,ミャンマー 花粉症,1
,,花粉症 ベースメイク,1
,,花粉症 マスク 高級,1
,,花粉症 入浴,1
